<?xml version="1.0" encoding="UTF-8" ?>
<gpx version="1.1" xmlns:xsi="http://www.w3.org/2001/XMLSchema-instance" 
    xmlns="http://www.topografix.com/GPX/1/1"
    xsi:schemaLocation="http://www.topografix.com/GPX/1/1 http://www.topografix.com/GPX/1/1/gpx.xsd" 
    creator="Openrunner - https://www.openrunner.com" >	<trk>
	                   <name>Triathlon SJdL 2026 VELO Format L-23336481</name>
						<trkseg>
					<trkpt lat="43.386200" lon="-1.663020">
						<ele>1</ele>
						<time>2026-02-09T13:19:04Z</time>
					</trkpt>
					<trkpt lat="43.386140" lon="-1.662960">
						<ele>1</ele>
						<time>2026-02-09T13:19:05Z</time>
					</trkpt>
					<trkpt lat="43.386190" lon="-1.662660">
						<ele>3</ele>
						<time>2026-02-09T13:19:09Z</time>
					</trkpt>
					<trkpt lat="43.386190" lon="-1.662400">
						<ele>4</ele>
						<time>2026-02-09T13:19:13Z</time>
					</trkpt>
					<trkpt lat="43.386140" lon="-1.662240">
						<ele>4</ele>
						<time>2026-02-09T13:19:15Z</time>
					</trkpt>
					<trkpt lat="43.386030" lon="-1.662030">
						<ele>4</ele>
						<time>2026-02-09T13:19:18Z</time>
					</trkpt>
					<trkpt lat="43.385980" lon="-1.662050">
						<ele>4</ele>
						<time>2026-02-09T13:19:19Z</time>
					</trkpt>
					<trkpt lat="43.385910" lon="-1.662030">
						<ele>4</ele>
						<time>2026-02-09T13:19:20Z</time>
					</trkpt>
					<trkpt lat="43.385580" lon="-1.662500">
						<ele>3</ele>
						<time>2026-02-09T13:19:29Z</time>
					</trkpt>
					<trkpt lat="43.385430" lon="-1.662840">
						<ele>2</ele>
						<time>2026-02-09T13:19:34Z</time>
					</trkpt>
					<trkpt lat="43.384860" lon="-1.664220">
						<ele>5</ele>
						<time>2026-02-09T13:19:55Z</time>
					</trkpt>
					<trkpt lat="43.384830" lon="-1.664390">
						<ele>6</ele>
						<time>2026-02-09T13:19:57Z</time>
					</trkpt>
					<trkpt lat="43.384340" lon="-1.665530">
						<ele>4</ele>
						<time>2026-02-09T13:20:14Z</time>
					</trkpt>
					<trkpt lat="43.384340" lon="-1.665730">
						<ele>4</ele>
						<time>2026-02-09T13:20:17Z</time>
					</trkpt>
					<trkpt lat="43.384360" lon="-1.665840">
						<ele>4</ele>
						<time>2026-02-09T13:20:18Z</time>
					</trkpt>
					<trkpt lat="43.384510" lon="-1.666210">
						<ele>4</ele>
						<time>2026-02-09T13:20:23Z</time>
					</trkpt>
					<trkpt lat="43.384570" lon="-1.666200">
						<ele>4</ele>
						<time>2026-02-09T13:20:25Z</time>
					</trkpt>
					<trkpt lat="43.384620" lon="-1.666240">
						<ele>4</ele>
						<time>2026-02-09T13:20:26Z</time>
					</trkpt>
					<trkpt lat="43.384640" lon="-1.666370">
						<ele>4</ele>
						<time>2026-02-09T13:20:27Z</time>
					</trkpt>
					<trkpt lat="43.384610" lon="-1.666460">
						<ele>4</ele>
						<time>2026-02-09T13:20:29Z</time>
					</trkpt>
					<trkpt lat="43.384710" lon="-1.666730">
						<ele>4</ele>
						<time>2026-02-09T13:20:33Z</time>
					</trkpt>
					<trkpt lat="43.384870" lon="-1.667000">
						<ele>5</ele>
						<time>2026-02-09T13:20:37Z</time>
					</trkpt>
					<trkpt lat="43.384910" lon="-1.667050">
						<ele>5</ele>
						<time>2026-02-09T13:20:38Z</time>
					</trkpt>
					<trkpt lat="43.385580" lon="-1.667510">
						<ele>5</ele>
						<time>2026-02-09T13:20:51Z</time>
					</trkpt>
					<trkpt lat="43.385750" lon="-1.667660">
						<ele>6</ele>
						<time>2026-02-09T13:20:55Z</time>
					</trkpt>
					<trkpt lat="43.386310" lon="-1.668310">
						<ele>7</ele>
						<time>2026-02-09T13:21:08Z</time>
					</trkpt>
					<trkpt lat="43.386740" lon="-1.668900">
						<ele>7</ele>
						<time>2026-02-09T13:21:19Z</time>
					</trkpt>
					<trkpt lat="43.387290" lon="-1.669570">
						<ele>7</ele>
						<time>2026-02-09T13:21:32Z</time>
					</trkpt>
					<trkpt lat="43.387700" lon="-1.670500">
						<ele>8</ele>
						<time>2026-02-09T13:21:46Z</time>
					</trkpt>
					<trkpt lat="43.388100" lon="-1.671080">
						<ele>8</ele>
						<time>2026-02-09T13:21:56Z</time>
					</trkpt>
					<trkpt lat="43.388470" lon="-1.672110">
						<ele>10</ele>
						<time>2026-02-09T13:22:11Z</time>
					</trkpt>
					<trkpt lat="43.388490" lon="-1.672370">
						<ele>11</ele>
						<time>2026-02-09T13:22:14Z</time>
					</trkpt>
					<trkpt lat="43.388470" lon="-1.672640">
						<ele>11</ele>
						<time>2026-02-09T13:22:18Z</time>
					</trkpt>
					<trkpt lat="43.388420" lon="-1.672800">
						<ele>12</ele>
						<time>2026-02-09T13:22:20Z</time>
					</trkpt>
					<trkpt lat="43.388210" lon="-1.673220">
						<ele>16</ele>
						<time>2026-02-09T13:22:27Z</time>
					</trkpt>
					<trkpt lat="43.388130" lon="-1.673530">
						<ele>18</ele>
						<time>2026-02-09T13:22:31Z</time>
					</trkpt>
					<trkpt lat="43.388070" lon="-1.675830">
						<ele>16</ele>
						<time>2026-02-09T13:23:01Z</time>
					</trkpt>
					<trkpt lat="43.388080" lon="-1.676830">
						<ele>13</ele>
						<time>2026-02-09T13:23:14Z</time>
					</trkpt>
					<trkpt lat="43.388050" lon="-1.677310">
						<ele>16</ele>
						<time>2026-02-09T13:23:20Z</time>
					</trkpt>
					<trkpt lat="43.388070" lon="-1.677740">
						<ele>17</ele>
						<time>2026-02-09T13:23:26Z</time>
					</trkpt>
					<trkpt lat="43.388160" lon="-1.678220">
						<ele>16</ele>
						<time>2026-02-09T13:23:32Z</time>
					</trkpt>
					<trkpt lat="43.388410" lon="-1.678990">
						<ele>9</ele>
						<time>2026-02-09T13:23:43Z</time>
					</trkpt>
					<trkpt lat="43.388500" lon="-1.679580">
						<ele>9</ele>
						<time>2026-02-09T13:23:51Z</time>
					</trkpt>
					<trkpt lat="43.388850" lon="-1.680280">
						<ele>7</ele>
						<time>2026-02-09T13:24:02Z</time>
					</trkpt>
					<trkpt lat="43.389530" lon="-1.682850">
						<ele>7</ele>
						<time>2026-02-09T13:24:37Z</time>
					</trkpt>
					<trkpt lat="43.389800" lon="-1.684030">
						<ele>6</ele>
						<time>2026-02-09T13:24:53Z</time>
					</trkpt>
					<trkpt lat="43.389880" lon="-1.684970">
						<ele>5</ele>
						<time>2026-02-09T13:25:05Z</time>
					</trkpt>
					<trkpt lat="43.389970" lon="-1.685320">
						<ele>4</ele>
						<time>2026-02-09T13:25:10Z</time>
					</trkpt>
					<trkpt lat="43.390080" lon="-1.685570">
						<ele>4</ele>
						<time>2026-02-09T13:25:14Z</time>
					</trkpt>
					<trkpt lat="43.390230" lon="-1.685770">
						<ele>4</ele>
						<time>2026-02-09T13:25:18Z</time>
					</trkpt>
					<trkpt lat="43.390310" lon="-1.685840">
						<ele>4</ele>
						<time>2026-02-09T13:25:19Z</time>
					</trkpt>
					<trkpt lat="43.390680" lon="-1.685990">
						<ele>5</ele>
						<time>2026-02-09T13:25:26Z</time>
					</trkpt>
					<trkpt lat="43.391150" lon="-1.686080">
						<ele>6</ele>
						<time>2026-02-09T13:25:35Z</time>
					</trkpt>
					<trkpt lat="43.391730" lon="-1.686140">
						<ele>7</ele>
						<time>2026-02-09T13:25:45Z</time>
					</trkpt>
					<trkpt lat="43.391890" lon="-1.686170">
						<ele>8</ele>
						<time>2026-02-09T13:25:48Z</time>
					</trkpt>
					<trkpt lat="43.392040" lon="-1.686230">
						<ele>9</ele>
						<time>2026-02-09T13:25:51Z</time>
					</trkpt>
					<trkpt lat="43.392170" lon="-1.686310">
						<ele>10</ele>
						<time>2026-02-09T13:25:53Z</time>
					</trkpt>
					<trkpt lat="43.392280" lon="-1.686420">
						<ele>10</ele>
						<time>2026-02-09T13:25:55Z</time>
					</trkpt>
					<trkpt lat="43.392690" lon="-1.686970">
						<ele>13</ele>
						<time>2026-02-09T13:26:06Z</time>
					</trkpt>
					<trkpt lat="43.392850" lon="-1.687100">
						<ele>14</ele>
						<time>2026-02-09T13:26:09Z</time>
					</trkpt>
					<trkpt lat="43.393720" lon="-1.687610">
						<ele>16</ele>
						<time>2026-02-09T13:26:26Z</time>
					</trkpt>
					<trkpt lat="43.393920" lon="-1.687830">
						<ele>16</ele>
						<time>2026-02-09T13:26:30Z</time>
					</trkpt>
					<trkpt lat="43.394120" lon="-1.688140">
						<ele>15</ele>
						<time>2026-02-09T13:26:36Z</time>
					</trkpt>
					<trkpt lat="43.394280" lon="-1.688580">
						<ele>12</ele>
						<time>2026-02-09T13:26:42Z</time>
					</trkpt>
					<trkpt lat="43.394340" lon="-1.689020">
						<ele>11</ele>
						<time>2026-02-09T13:26:48Z</time>
					</trkpt>
					<trkpt lat="43.394310" lon="-1.689570">
						<ele>12</ele>
						<time>2026-02-09T13:26:55Z</time>
					</trkpt>
					<trkpt lat="43.393990" lon="-1.691140">
						<ele>14</ele>
						<time>2026-02-09T13:27:16Z</time>
					</trkpt>
					<trkpt lat="43.393690" lon="-1.693150">
						<ele>18</ele>
						<time>2026-02-09T13:27:43Z</time>
					</trkpt>
					<trkpt lat="43.393600" lon="-1.693430">
						<ele>20</ele>
						<time>2026-02-09T13:27:47Z</time>
					</trkpt>
					<trkpt lat="43.392250" lon="-1.695940">
						<ele>21</ele>
						<time>2026-02-09T13:28:27Z</time>
					</trkpt>
					<trkpt lat="43.391570" lon="-1.697780">
						<ele>37</ele>
						<time>2026-02-09T13:28:54Z</time>
					</trkpt>
					<trkpt lat="43.391460" lon="-1.698210">
						<ele>39</ele>
						<time>2026-02-09T13:29:00Z</time>
					</trkpt>
					<trkpt lat="43.391440" lon="-1.698420">
						<ele>39</ele>
						<time>2026-02-09T13:29:02Z</time>
					</trkpt>
					<trkpt lat="43.391480" lon="-1.700080">
						<ele>33</ele>
						<time>2026-02-09T13:29:24Z</time>
					</trkpt>
					<trkpt lat="43.391470" lon="-1.700430">
						<ele>30</ele>
						<time>2026-02-09T13:29:28Z</time>
					</trkpt>
					<trkpt lat="43.391380" lon="-1.700720">
						<ele>30</ele>
						<time>2026-02-09T13:29:32Z</time>
					</trkpt>
					<trkpt lat="43.391120" lon="-1.701150">
						<ele>32</ele>
						<time>2026-02-09T13:29:40Z</time>
					</trkpt>
					<trkpt lat="43.390870" lon="-1.701760">
						<ele>31</ele>
						<time>2026-02-09T13:29:49Z</time>
					</trkpt>
					<trkpt lat="43.390810" lon="-1.701800">
						<ele>32</ele>
						<time>2026-02-09T13:29:50Z</time>
					</trkpt>
					<trkpt lat="43.390730" lon="-1.701800">
						<ele>33</ele>
						<time>2026-02-09T13:29:51Z</time>
					</trkpt>
					<trkpt lat="43.390670" lon="-1.701760">
						<ele>35</ele>
						<time>2026-02-09T13:29:52Z</time>
					</trkpt>
					<trkpt lat="43.390620" lon="-1.701670">
						<ele>37</ele>
						<time>2026-02-09T13:29:54Z</time>
					</trkpt>
					<trkpt lat="43.390560" lon="-1.701340">
						<ele>41</ele>
						<time>2026-02-09T13:29:58Z</time>
					</trkpt>
					<trkpt lat="43.390400" lon="-1.700870">
						<ele>47</ele>
						<time>2026-02-09T13:30:05Z</time>
					</trkpt>
					<trkpt lat="43.390270" lon="-1.700570">
						<ele>48</ele>
						<time>2026-02-09T13:30:10Z</time>
					</trkpt>
					<trkpt lat="43.390140" lon="-1.700370">
						<ele>48</ele>
						<time>2026-02-09T13:30:13Z</time>
					</trkpt>
					<trkpt lat="43.389960" lon="-1.700170">
						<ele>47</ele>
						<time>2026-02-09T13:30:17Z</time>
					</trkpt>
					<trkpt lat="43.389670" lon="-1.699940">
						<ele>46</ele>
						<time>2026-02-09T13:30:23Z</time>
					</trkpt>
					<trkpt lat="43.389580" lon="-1.699890">
						<ele>45</ele>
						<time>2026-02-09T13:30:25Z</time>
					</trkpt>
					<trkpt lat="43.389320" lon="-1.699810">
						<ele>44</ele>
						<time>2026-02-09T13:30:30Z</time>
					</trkpt>
					<trkpt lat="43.389060" lon="-1.699790">
						<ele>43</ele>
						<time>2026-02-09T13:30:34Z</time>
					</trkpt>
					<trkpt lat="43.388790" lon="-1.699830">
						<ele>43</ele>
						<time>2026-02-09T13:30:39Z</time>
					</trkpt>
					<trkpt lat="43.387630" lon="-1.700090">
						<ele>41</ele>
						<time>2026-02-09T13:31:00Z</time>
					</trkpt>
					<trkpt lat="43.387290" lon="-1.700040">
						<ele>41</ele>
						<time>2026-02-09T13:31:06Z</time>
					</trkpt>
					<trkpt lat="43.387040" lon="-1.699920">
						<ele>41</ele>
						<time>2026-02-09T13:31:11Z</time>
					</trkpt>
					<trkpt lat="43.385270" lon="-1.698480">
						<ele>31</ele>
						<time>2026-02-09T13:31:47Z</time>
					</trkpt>
					<trkpt lat="43.385000" lon="-1.698150">
						<ele>29</ele>
						<time>2026-02-09T13:31:54Z</time>
					</trkpt>
					<trkpt lat="43.384920" lon="-1.698010">
						<ele>29</ele>
						<time>2026-02-09T13:31:56Z</time>
					</trkpt>
					<trkpt lat="43.384750" lon="-1.697550">
						<ele>27</ele>
						<time>2026-02-09T13:32:03Z</time>
					</trkpt>
					<trkpt lat="43.384550" lon="-1.696050">
						<ele>19</ele>
						<time>2026-02-09T13:32:22Z</time>
					</trkpt>
					<trkpt lat="43.384520" lon="-1.695910">
						<ele>18</ele>
						<time>2026-02-09T13:32:24Z</time>
					</trkpt>
					<trkpt lat="43.384410" lon="-1.695630">
						<ele>16</ele>
						<time>2026-02-09T13:32:28Z</time>
					</trkpt>
					<trkpt lat="43.383330" lon="-1.693410">
						<ele>4</ele>
						<time>2026-02-09T13:33:03Z</time>
					</trkpt>
					<trkpt lat="43.383170" lon="-1.693180">
						<ele>4</ele>
						<time>2026-02-09T13:33:07Z</time>
					</trkpt>
					<trkpt lat="43.383110" lon="-1.693170">
						<ele>4</ele>
						<time>2026-02-09T13:33:08Z</time>
					</trkpt>
					<trkpt lat="43.383060" lon="-1.693110">
						<ele>4</ele>
						<time>2026-02-09T13:33:09Z</time>
					</trkpt>
					<trkpt lat="43.383050" lon="-1.693020">
						<ele>4</ele>
						<time>2026-02-09T13:33:11Z</time>
					</trkpt>
					<trkpt lat="43.383070" lon="-1.692960">
						<ele>4</ele>
						<time>2026-02-09T13:33:11Z</time>
					</trkpt>
					<trkpt lat="43.382990" lon="-1.692680">
						<ele>4</ele>
						<time>2026-02-09T13:33:15Z</time>
					</trkpt>
					<trkpt lat="43.381620" lon="-1.689870">
						<ele>10</ele>
						<time>2026-02-09T13:33:59Z</time>
					</trkpt>
					<trkpt lat="43.381500" lon="-1.689640">
						<ele>10</ele>
						<time>2026-02-09T13:34:03Z</time>
					</trkpt>
					<trkpt lat="43.381360" lon="-1.689440">
						<ele>10</ele>
						<time>2026-02-09T13:34:06Z</time>
					</trkpt>
					<trkpt lat="43.381210" lon="-1.689300">
						<ele>10</ele>
						<time>2026-02-09T13:34:09Z</time>
					</trkpt>
					<trkpt lat="43.380860" lon="-1.689120">
						<ele>8</ele>
						<time>2026-02-09T13:34:16Z</time>
					</trkpt>
					<trkpt lat="43.380640" lon="-1.689090">
						<ele>8</ele>
						<time>2026-02-09T13:34:20Z</time>
					</trkpt>
					<trkpt lat="43.380450" lon="-1.689120">
						<ele>8</ele>
						<time>2026-02-09T13:34:23Z</time>
					</trkpt>
					<trkpt lat="43.380020" lon="-1.689260">
						<ele>9</ele>
						<time>2026-02-09T13:34:31Z</time>
					</trkpt>
					<trkpt lat="43.379580" lon="-1.689370">
						<ele>7</ele>
						<time>2026-02-09T13:34:39Z</time>
					</trkpt>
					<trkpt lat="43.379370" lon="-1.689360">
						<ele>6</ele>
						<time>2026-02-09T13:34:43Z</time>
					</trkpt>
					<trkpt lat="43.379170" lon="-1.689300">
						<ele>6</ele>
						<time>2026-02-09T13:34:47Z</time>
					</trkpt>
					<trkpt lat="43.378970" lon="-1.689200">
						<ele>5</ele>
						<time>2026-02-09T13:34:50Z</time>
					</trkpt>
					<trkpt lat="43.378810" lon="-1.689070">
						<ele>5</ele>
						<time>2026-02-09T13:34:54Z</time>
					</trkpt>
					<trkpt lat="43.378650" lon="-1.688880">
						<ele>5</ele>
						<time>2026-02-09T13:34:58Z</time>
					</trkpt>
					<trkpt lat="43.378550" lon="-1.688710">
						<ele>5</ele>
						<time>2026-02-09T13:35:00Z</time>
					</trkpt>
					<trkpt lat="43.378130" lon="-1.687780">
						<ele>8</ele>
						<time>2026-02-09T13:35:15Z</time>
					</trkpt>
					<trkpt lat="43.377990" lon="-1.687570">
						<ele>9</ele>
						<time>2026-02-09T13:35:18Z</time>
					</trkpt>
					<trkpt lat="43.377720" lon="-1.687290">
						<ele>8</ele>
						<time>2026-02-09T13:35:24Z</time>
					</trkpt>
					<trkpt lat="43.375680" lon="-1.686080">
						<ele>7</ele>
						<time>2026-02-09T13:36:04Z</time>
					</trkpt>
					<trkpt lat="43.375300" lon="-1.685830">
						<ele>7</ele>
						<time>2026-02-09T13:36:11Z</time>
					</trkpt>
					<trkpt lat="43.374940" lon="-1.685540">
						<ele>9</ele>
						<time>2026-02-09T13:36:19Z</time>
					</trkpt>
					<trkpt lat="43.373860" lon="-1.684580">
						<ele>8</ele>
						<time>2026-02-09T13:36:42Z</time>
					</trkpt>
					<trkpt lat="43.373750" lon="-1.684440">
						<ele>7</ele>
						<time>2026-02-09T13:36:44Z</time>
					</trkpt>
					<trkpt lat="43.373620" lon="-1.684160">
						<ele>7</ele>
						<time>2026-02-09T13:36:49Z</time>
					</trkpt>
					<trkpt lat="43.373520" lon="-1.683770">
						<ele>7</ele>
						<time>2026-02-09T13:36:54Z</time>
					</trkpt>
					<trkpt lat="43.373510" lon="-1.683620">
						<ele>8</ele>
						<time>2026-02-09T13:36:56Z</time>
					</trkpt>
					<trkpt lat="43.373550" lon="-1.683220">
						<ele>9</ele>
						<time>2026-02-09T13:37:01Z</time>
					</trkpt>
					<trkpt lat="43.373700" lon="-1.682640">
						<ele>12</ele>
						<time>2026-02-09T13:37:09Z</time>
					</trkpt>
					<trkpt lat="43.373720" lon="-1.682460">
						<ele>12</ele>
						<time>2026-02-09T13:37:11Z</time>
					</trkpt>
					<trkpt lat="43.373700" lon="-1.682160">
						<ele>12</ele>
						<time>2026-02-09T13:37:15Z</time>
					</trkpt>
					<trkpt lat="43.373590" lon="-1.682130">
						<ele>11</ele>
						<time>2026-02-09T13:37:17Z</time>
					</trkpt>
					<trkpt lat="43.373520" lon="-1.682020">
						<ele>10</ele>
						<time>2026-02-09T13:37:19Z</time>
					</trkpt>
					<trkpt lat="43.373310" lon="-1.682190">
						<ele>9</ele>
						<time>2026-02-09T13:37:23Z</time>
					</trkpt>
					<trkpt lat="43.373070" lon="-1.682450">
						<ele>9</ele>
						<time>2026-02-09T13:37:29Z</time>
					</trkpt>
					<trkpt lat="43.372910" lon="-1.682510">
						<ele>10</ele>
						<time>2026-02-09T13:37:32Z</time>
					</trkpt>
					<trkpt lat="43.372790" lon="-1.682490">
						<ele>11</ele>
						<time>2026-02-09T13:37:34Z</time>
					</trkpt>
					<trkpt lat="43.372670" lon="-1.682400">
						<ele>12</ele>
						<time>2026-02-09T13:37:36Z</time>
					</trkpt>
					<trkpt lat="43.372580" lon="-1.682260">
						<ele>13</ele>
						<time>2026-02-09T13:37:39Z</time>
					</trkpt>
					<trkpt lat="43.372510" lon="-1.681820">
						<ele>15</ele>
						<time>2026-02-09T13:37:45Z</time>
					</trkpt>
					<trkpt lat="43.372430" lon="-1.681540">
						<ele>17</ele>
						<time>2026-02-09T13:37:49Z</time>
					</trkpt>
					<trkpt lat="43.372380" lon="-1.681560">
						<ele>17</ele>
						<time>2026-02-09T13:37:49Z</time>
					</trkpt>
					<trkpt lat="43.372270" lon="-1.681540">
						<ele>18</ele>
						<time>2026-02-09T13:37:51Z</time>
					</trkpt>
					<trkpt lat="43.372200" lon="-1.681440">
						<ele>19</ele>
						<time>2026-02-09T13:37:53Z</time>
					</trkpt>
					<trkpt lat="43.372050" lon="-1.681510">
						<ele>19</ele>
						<time>2026-02-09T13:37:56Z</time>
					</trkpt>
					<trkpt lat="43.371700" lon="-1.681600">
						<ele>22</ele>
						<time>2026-02-09T13:38:02Z</time>
					</trkpt>
					<trkpt lat="43.371480" lon="-1.681740">
						<ele>21</ele>
						<time>2026-02-09T13:38:07Z</time>
					</trkpt>
					<trkpt lat="43.371030" lon="-1.682040">
						<ele>18</ele>
						<time>2026-02-09T13:38:16Z</time>
					</trkpt>
					<trkpt lat="43.369770" lon="-1.682980">
						<ele>11</ele>
						<time>2026-02-09T13:38:41Z</time>
					</trkpt>
					<trkpt lat="43.369440" lon="-1.683270">
						<ele>12</ele>
						<time>2026-02-09T13:38:48Z</time>
					</trkpt>
					<trkpt lat="43.369250" lon="-1.683520">
						<ele>13</ele>
						<time>2026-02-09T13:38:53Z</time>
					</trkpt>
					<trkpt lat="43.369060" lon="-1.683860">
						<ele>14</ele>
						<time>2026-02-09T13:38:58Z</time>
					</trkpt>
					<trkpt lat="43.368550" lon="-1.685310">
						<ele>15</ele>
						<time>2026-02-09T13:39:19Z</time>
					</trkpt>
					<trkpt lat="43.368340" lon="-1.685770">
						<ele>14</ele>
						<time>2026-02-09T13:39:26Z</time>
					</trkpt>
					<trkpt lat="43.367570" lon="-1.686660">
						<ele>16</ele>
						<time>2026-02-09T13:39:44Z</time>
					</trkpt>
					<trkpt lat="43.366560" lon="-1.687210">
						<ele>17</ele>
						<time>2026-02-09T13:40:03Z</time>
					</trkpt>
					<trkpt lat="43.365870" lon="-1.687860">
						<ele>18</ele>
						<time>2026-02-09T13:40:18Z</time>
					</trkpt>
					<trkpt lat="43.364030" lon="-1.690470">
						<ele>24</ele>
						<time>2026-02-09T13:41:05Z</time>
					</trkpt>
					<trkpt lat="43.363490" lon="-1.691730">
						<ele>17</ele>
						<time>2026-02-09T13:41:24Z</time>
					</trkpt>
					<trkpt lat="43.363260" lon="-1.692070">
						<ele>16</ele>
						<time>2026-02-09T13:41:30Z</time>
					</trkpt>
					<trkpt lat="43.363230" lon="-1.692270">
						<ele>16</ele>
						<time>2026-02-09T13:41:33Z</time>
					</trkpt>
					<trkpt lat="43.363160" lon="-1.692360">
						<ele>15</ele>
						<time>2026-02-09T13:41:35Z</time>
					</trkpt>
					<trkpt lat="43.363100" lon="-1.692390">
						<ele>15</ele>
						<time>2026-02-09T13:41:36Z</time>
					</trkpt>
					<trkpt lat="43.362990" lon="-1.692370">
						<ele>15</ele>
						<time>2026-02-09T13:41:38Z</time>
					</trkpt>
					<trkpt lat="43.362900" lon="-1.692270">
						<ele>14</ele>
						<time>2026-02-09T13:41:40Z</time>
					</trkpt>
					<trkpt lat="43.362870" lon="-1.692130">
						<ele>15</ele>
						<time>2026-02-09T13:41:42Z</time>
					</trkpt>
					<trkpt lat="43.362900" lon="-1.691980">
						<ele>15</ele>
						<time>2026-02-09T13:41:44Z</time>
					</trkpt>
					<trkpt lat="43.362830" lon="-1.691750">
						<ele>15</ele>
						<time>2026-02-09T13:41:47Z</time>
					</trkpt>
					<trkpt lat="43.362440" lon="-1.691270">
						<ele>16</ele>
						<time>2026-02-09T13:41:56Z</time>
					</trkpt>
					<trkpt lat="43.362350" lon="-1.691250">
						<ele>17</ele>
						<time>2026-02-09T13:41:58Z</time>
					</trkpt>
					<trkpt lat="43.362190" lon="-1.691300">
						<ele>17</ele>
						<time>2026-02-09T13:42:01Z</time>
					</trkpt>
					<trkpt lat="43.362110" lon="-1.691390">
						<ele>16</ele>
						<time>2026-02-09T13:42:03Z</time>
					</trkpt>
					<trkpt lat="43.361780" lon="-1.692010">
						<ele>14</ele>
						<time>2026-02-09T13:42:13Z</time>
					</trkpt>
					<trkpt lat="43.361650" lon="-1.692190">
						<ele>13</ele>
						<time>2026-02-09T13:42:16Z</time>
					</trkpt>
					<trkpt lat="43.361490" lon="-1.692350">
						<ele>13</ele>
						<time>2026-02-09T13:42:19Z</time>
					</trkpt>
					<trkpt lat="43.361200" lon="-1.692480">
						<ele>12</ele>
						<time>2026-02-09T13:42:25Z</time>
					</trkpt>
					<trkpt lat="43.360900" lon="-1.692510">
						<ele>12</ele>
						<time>2026-02-09T13:42:30Z</time>
					</trkpt>
					<trkpt lat="43.360740" lon="-1.692500">
						<ele>12</ele>
						<time>2026-02-09T13:42:33Z</time>
					</trkpt>
					<trkpt lat="43.360510" lon="-1.692440">
						<ele>13</ele>
						<time>2026-02-09T13:42:37Z</time>
					</trkpt>
					<trkpt lat="43.360120" lon="-1.692240">
						<ele>13</ele>
						<time>2026-02-09T13:42:45Z</time>
					</trkpt>
					<trkpt lat="43.359910" lon="-1.692170">
						<ele>14</ele>
						<time>2026-02-09T13:42:48Z</time>
					</trkpt>
					<trkpt lat="43.359620" lon="-1.692150">
						<ele>15</ele>
						<time>2026-02-09T13:42:54Z</time>
					</trkpt>
					<trkpt lat="43.358740" lon="-1.692170">
						<ele>18</ele>
						<time>2026-02-09T13:43:09Z</time>
					</trkpt>
					<trkpt lat="43.358500" lon="-1.692120">
						<ele>19</ele>
						<time>2026-02-09T13:43:14Z</time>
					</trkpt>
					<trkpt lat="43.358300" lon="-1.692060">
						<ele>20</ele>
						<time>2026-02-09T13:43:17Z</time>
					</trkpt>
					<trkpt lat="43.355790" lon="-1.690830">
						<ele>22</ele>
						<time>2026-02-09T13:44:05Z</time>
					</trkpt>
					<trkpt lat="43.355330" lon="-1.690700">
						<ele>21</ele>
						<time>2026-02-09T13:44:13Z</time>
					</trkpt>
					<trkpt lat="43.355070" lon="-1.690690">
						<ele>21</ele>
						<time>2026-02-09T13:44:18Z</time>
					</trkpt>
					<trkpt lat="43.354550" lon="-1.690730">
						<ele>21</ele>
						<time>2026-02-09T13:44:27Z</time>
					</trkpt>
					<trkpt lat="43.354230" lon="-1.690660">
						<ele>21</ele>
						<time>2026-02-09T13:44:33Z</time>
					</trkpt>
					<trkpt lat="43.354070" lon="-1.690570">
						<ele>22</ele>
						<time>2026-02-09T13:44:36Z</time>
					</trkpt>
					<trkpt lat="43.353740" lon="-1.690280">
						<ele>23</ele>
						<time>2026-02-09T13:44:43Z</time>
					</trkpt>
					<trkpt lat="43.353700" lon="-1.690280">
						<ele>23</ele>
						<time>2026-02-09T13:44:43Z</time>
					</trkpt>
					<trkpt lat="43.353430" lon="-1.690140">
						<ele>24</ele>
						<time>2026-02-09T13:44:48Z</time>
					</trkpt>
					<trkpt lat="43.352380" lon="-1.689480">
						<ele>28</ele>
						<time>2026-02-09T13:45:09Z</time>
					</trkpt>
					<trkpt lat="43.352240" lon="-1.689350">
						<ele>28</ele>
						<time>2026-02-09T13:45:12Z</time>
					</trkpt>
					<trkpt lat="43.351470" lon="-1.689020">
						<ele>32</ele>
						<time>2026-02-09T13:45:26Z</time>
					</trkpt>
					<trkpt lat="43.351030" lon="-1.688860">
						<ele>34</ele>
						<time>2026-02-09T13:45:34Z</time>
					</trkpt>
					<trkpt lat="43.350280" lon="-1.688680">
						<ele>34</ele>
						<time>2026-02-09T13:45:48Z</time>
					</trkpt>
					<trkpt lat="43.349760" lon="-1.688610">
						<ele>34</ele>
						<time>2026-02-09T13:45:57Z</time>
					</trkpt>
					<trkpt lat="43.349450" lon="-1.688610">
						<ele>34</ele>
						<time>2026-02-09T13:46:03Z</time>
					</trkpt>
					<trkpt lat="43.349320" lon="-1.688640">
						<ele>34</ele>
						<time>2026-02-09T13:46:05Z</time>
					</trkpt>
					<trkpt lat="43.349190" lon="-1.688780">
						<ele>35</ele>
						<time>2026-02-09T13:46:08Z</time>
					</trkpt>
					<trkpt lat="43.348970" lon="-1.689160">
						<ele>35</ele>
						<time>2026-02-09T13:46:14Z</time>
					</trkpt>
					<trkpt lat="43.348880" lon="-1.689200">
						<ele>35</ele>
						<time>2026-02-09T13:46:16Z</time>
					</trkpt>
					<trkpt lat="43.348790" lon="-1.689190">
						<ele>36</ele>
						<time>2026-02-09T13:46:18Z</time>
					</trkpt>
					<trkpt lat="43.348720" lon="-1.689150">
						<ele>36</ele>
						<time>2026-02-09T13:46:19Z</time>
					</trkpt>
					<trkpt lat="43.348650" lon="-1.689020">
						<ele>35</ele>
						<time>2026-02-09T13:46:21Z</time>
					</trkpt>
					<trkpt lat="43.348630" lon="-1.688910">
						<ele>35</ele>
						<time>2026-02-09T13:46:23Z</time>
					</trkpt>
					<trkpt lat="43.348500" lon="-1.688760">
						<ele>35</ele>
						<time>2026-02-09T13:46:26Z</time>
					</trkpt>
					<trkpt lat="43.348350" lon="-1.688650">
						<ele>35</ele>
						<time>2026-02-09T13:46:29Z</time>
					</trkpt>
					<trkpt lat="43.348000" lon="-1.688640">
						<ele>36</ele>
						<time>2026-02-09T13:46:35Z</time>
					</trkpt>
					<trkpt lat="43.347680" lon="-1.688730">
						<ele>37</ele>
						<time>2026-02-09T13:46:41Z</time>
					</trkpt>
					<trkpt lat="43.347310" lon="-1.688880">
						<ele>38</ele>
						<time>2026-02-09T13:46:48Z</time>
					</trkpt>
					<trkpt lat="43.347050" lon="-1.689050">
						<ele>39</ele>
						<time>2026-02-09T13:46:53Z</time>
					</trkpt>
					<trkpt lat="43.346750" lon="-1.689270">
						<ele>40</ele>
						<time>2026-02-09T13:46:59Z</time>
					</trkpt>
					<trkpt lat="43.346390" lon="-1.689620">
						<ele>41</ele>
						<time>2026-02-09T13:47:07Z</time>
					</trkpt>
					<trkpt lat="43.345850" lon="-1.689880">
						<ele>42</ele>
						<time>2026-02-09T13:47:17Z</time>
					</trkpt>
					<trkpt lat="43.345650" lon="-1.689920">
						<ele>42</ele>
						<time>2026-02-09T13:47:20Z</time>
					</trkpt>
					<trkpt lat="43.345170" lon="-1.689890">
						<ele>43</ele>
						<time>2026-02-09T13:47:29Z</time>
					</trkpt>
					<trkpt lat="43.344910" lon="-1.689900">
						<ele>44</ele>
						<time>2026-02-09T13:47:34Z</time>
					</trkpt>
					<trkpt lat="43.341530" lon="-1.690560">
						<ele>57</ele>
						<time>2026-02-09T13:48:34Z</time>
					</trkpt>
					<trkpt lat="43.340600" lon="-1.690830">
						<ele>60</ele>
						<time>2026-02-09T13:48:51Z</time>
					</trkpt>
					<trkpt lat="43.340320" lon="-1.690880">
						<ele>62</ele>
						<time>2026-02-09T13:48:56Z</time>
					</trkpt>
					<trkpt lat="43.339370" lon="-1.690800">
						<ele>61</ele>
						<time>2026-02-09T13:49:13Z</time>
					</trkpt>
					<trkpt lat="43.338690" lon="-1.690590">
						<ele>64</ele>
						<time>2026-02-09T13:49:26Z</time>
					</trkpt>
					<trkpt lat="43.338360" lon="-1.690560">
						<ele>66</ele>
						<time>2026-02-09T13:49:31Z</time>
					</trkpt>
					<trkpt lat="43.338200" lon="-1.690620">
						<ele>66</ele>
						<time>2026-02-09T13:49:34Z</time>
					</trkpt>
					<trkpt lat="43.337710" lon="-1.690890">
						<ele>65</ele>
						<time>2026-02-09T13:49:44Z</time>
					</trkpt>
					<trkpt lat="43.337460" lon="-1.690970">
						<ele>66</ele>
						<time>2026-02-09T13:49:48Z</time>
					</trkpt>
					<trkpt lat="43.337230" lon="-1.691000">
						<ele>68</ele>
						<time>2026-02-09T13:49:52Z</time>
					</trkpt>
					<trkpt lat="43.336770" lon="-1.691000">
						<ele>72</ele>
						<time>2026-02-09T13:50:01Z</time>
					</trkpt>
					<trkpt lat="43.336610" lon="-1.690970">
						<ele>73</ele>
						<time>2026-02-09T13:50:03Z</time>
					</trkpt>
					<trkpt lat="43.336450" lon="-1.690890">
						<ele>73</ele>
						<time>2026-02-09T13:50:07Z</time>
					</trkpt>
					<trkpt lat="43.336290" lon="-1.690750">
						<ele>74</ele>
						<time>2026-02-09T13:50:10Z</time>
					</trkpt>
					<trkpt lat="43.336160" lon="-1.690560">
						<ele>76</ele>
						<time>2026-02-09T13:50:13Z</time>
					</trkpt>
					<trkpt lat="43.336000" lon="-1.690210">
						<ele>81</ele>
						<time>2026-02-09T13:50:19Z</time>
					</trkpt>
					<trkpt lat="43.335910" lon="-1.690090">
						<ele>83</ele>
						<time>2026-02-09T13:50:21Z</time>
					</trkpt>
					<trkpt lat="43.335810" lon="-1.690040">
						<ele>83</ele>
						<time>2026-02-09T13:50:23Z</time>
					</trkpt>
					<trkpt lat="43.335570" lon="-1.690020">
						<ele>82</ele>
						<time>2026-02-09T13:50:27Z</time>
					</trkpt>
					<trkpt lat="43.335370" lon="-1.689960">
						<ele>82</ele>
						<time>2026-02-09T13:50:31Z</time>
					</trkpt>
					<trkpt lat="43.335180" lon="-1.689880">
						<ele>82</ele>
						<time>2026-02-09T13:50:34Z</time>
					</trkpt>
					<trkpt lat="43.335010" lon="-1.689760">
						<ele>84</ele>
						<time>2026-02-09T13:50:38Z</time>
					</trkpt>
					<trkpt lat="43.334510" lon="-1.689070">
						<ele>91</ele>
						<time>2026-02-09T13:50:50Z</time>
					</trkpt>
					<trkpt lat="43.334300" lon="-1.688600">
						<ele>95</ele>
						<time>2026-02-09T13:50:57Z</time>
					</trkpt>
					<trkpt lat="43.334200" lon="-1.687940">
						<ele>98</ele>
						<time>2026-02-09T13:51:06Z</time>
					</trkpt>
					<trkpt lat="43.333950" lon="-1.687380">
						<ele>98</ele>
						<time>2026-02-09T13:51:15Z</time>
					</trkpt>
					<trkpt lat="43.333920" lon="-1.687260">
						<ele>97</ele>
						<time>2026-02-09T13:51:16Z</time>
					</trkpt>
					<trkpt lat="43.334290" lon="-1.677750">
						<ele>66</ele>
						<time>2026-02-09T13:53:19Z</time>
					</trkpt>
					<trkpt lat="43.334650" lon="-1.675420">
						<ele>60</ele>
						<time>2026-02-09T13:53:50Z</time>
					</trkpt>
					<trkpt lat="43.334730" lon="-1.674090">
						<ele>58</ele>
						<time>2026-02-09T13:54:08Z</time>
					</trkpt>
					<trkpt lat="43.334660" lon="-1.673360">
						<ele>55</ele>
						<time>2026-02-09T13:54:17Z</time>
					</trkpt>
					<trkpt lat="43.334390" lon="-1.672000">
						<ele>52</ele>
						<time>2026-02-09T13:54:35Z</time>
					</trkpt>
					<trkpt lat="43.334390" lon="-1.671390">
						<ele>51</ele>
						<time>2026-02-09T13:54:43Z</time>
					</trkpt>
					<trkpt lat="43.334500" lon="-1.669670">
						<ele>52</ele>
						<time>2026-02-09T13:55:06Z</time>
					</trkpt>
					<trkpt lat="43.334560" lon="-1.669360">
						<ele>53</ele>
						<time>2026-02-09T13:55:10Z</time>
					</trkpt>
					<trkpt lat="43.334720" lon="-1.668990">
						<ele>51</ele>
						<time>2026-02-09T13:55:15Z</time>
					</trkpt>
					<trkpt lat="43.335350" lon="-1.668150">
						<ele>45</ele>
						<time>2026-02-09T13:55:31Z</time>
					</trkpt>
					<trkpt lat="43.335470" lon="-1.668070">
						<ele>45</ele>
						<time>2026-02-09T13:55:33Z</time>
					</trkpt>
					<trkpt lat="43.335800" lon="-1.667990">
						<ele>45</ele>
						<time>2026-02-09T13:55:39Z</time>
					</trkpt>
					<trkpt lat="43.335960" lon="-1.667910">
						<ele>45</ele>
						<time>2026-02-09T13:55:42Z</time>
					</trkpt>
					<trkpt lat="43.335980" lon="-1.667830">
						<ele>45</ele>
						<time>2026-02-09T13:55:43Z</time>
					</trkpt>
					<trkpt lat="43.336030" lon="-1.667780">
						<ele>45</ele>
						<time>2026-02-09T13:55:44Z</time>
					</trkpt>
					<trkpt lat="43.336090" lon="-1.667790">
						<ele>45</ele>
						<time>2026-02-09T13:55:46Z</time>
					</trkpt>
					<trkpt lat="43.336110" lon="-1.667820">
						<ele>45</ele>
						<time>2026-02-09T13:55:46Z</time>
					</trkpt>
					<trkpt lat="43.336210" lon="-1.667810">
						<ele>45</ele>
						<time>2026-02-09T13:55:48Z</time>
					</trkpt>
					<trkpt lat="43.336290" lon="-1.667770">
						<ele>45</ele>
						<time>2026-02-09T13:55:49Z</time>
					</trkpt>
					<trkpt lat="43.336410" lon="-1.667590">
						<ele>45</ele>
						<time>2026-02-09T13:55:53Z</time>
					</trkpt>
					<trkpt lat="43.336550" lon="-1.667170">
						<ele>47</ele>
						<time>2026-02-09T13:55:59Z</time>
					</trkpt>
					<trkpt lat="43.336710" lon="-1.666350">
						<ele>49</ele>
						<time>2026-02-09T13:56:09Z</time>
					</trkpt>
					<trkpt lat="43.336720" lon="-1.665970">
						<ele>50</ele>
						<time>2026-02-09T13:56:14Z</time>
					</trkpt>
					<trkpt lat="43.336670" lon="-1.665620">
						<ele>52</ele>
						<time>2026-02-09T13:56:19Z</time>
					</trkpt>
					<trkpt lat="43.336610" lon="-1.665400">
						<ele>53</ele>
						<time>2026-02-09T13:56:22Z</time>
					</trkpt>
					<trkpt lat="43.336260" lon="-1.664440">
						<ele>59</ele>
						<time>2026-02-09T13:56:36Z</time>
					</trkpt>
					<trkpt lat="43.336160" lon="-1.664110">
						<ele>62</ele>
						<time>2026-02-09T13:56:41Z</time>
					</trkpt>
					<trkpt lat="43.336090" lon="-1.663770">
						<ele>64</ele>
						<time>2026-02-09T13:56:45Z</time>
					</trkpt>
					<trkpt lat="43.336070" lon="-1.663430">
						<ele>65</ele>
						<time>2026-02-09T13:56:50Z</time>
					</trkpt>
					<trkpt lat="43.336150" lon="-1.662630">
						<ele>67</ele>
						<time>2026-02-09T13:57:00Z</time>
					</trkpt>
					<trkpt lat="43.336220" lon="-1.662390">
						<ele>67</ele>
						<time>2026-02-09T13:57:03Z</time>
					</trkpt>
					<trkpt lat="43.336450" lon="-1.661810">
						<ele>65</ele>
						<time>2026-02-09T13:57:12Z</time>
					</trkpt>
					<trkpt lat="43.336540" lon="-1.661490">
						<ele>65</ele>
						<time>2026-02-09T13:57:16Z</time>
					</trkpt>
					<trkpt lat="43.336960" lon="-1.659190">
						<ele>68</ele>
						<time>2026-02-09T13:57:47Z</time>
					</trkpt>
					<trkpt lat="43.337160" lon="-1.657530">
						<ele>66</ele>
						<time>2026-02-09T13:58:09Z</time>
					</trkpt>
					<trkpt lat="43.337250" lon="-1.657050">
						<ele>65</ele>
						<time>2026-02-09T13:58:15Z</time>
					</trkpt>
					<trkpt lat="43.340200" lon="-1.643090">
						<ele>35</ele>
						<time>2026-02-09T14:01:23Z</time>
					</trkpt>
					<trkpt lat="43.340250" lon="-1.642600">
						<ele>35</ele>
						<time>2026-02-09T14:01:30Z</time>
					</trkpt>
					<trkpt lat="43.340220" lon="-1.642050">
						<ele>35</ele>
						<time>2026-02-09T14:01:37Z</time>
					</trkpt>
					<trkpt lat="43.340240" lon="-1.641720">
						<ele>35</ele>
						<time>2026-02-09T14:01:41Z</time>
					</trkpt>
					<trkpt lat="43.340300" lon="-1.641470">
						<ele>35</ele>
						<time>2026-02-09T14:01:45Z</time>
					</trkpt>
					<trkpt lat="43.340390" lon="-1.641250">
						<ele>36</ele>
						<time>2026-02-09T14:01:48Z</time>
					</trkpt>
					<trkpt lat="43.340620" lon="-1.640960">
						<ele>37</ele>
						<time>2026-02-09T14:01:53Z</time>
					</trkpt>
					<trkpt lat="43.340960" lon="-1.640750">
						<ele>39</ele>
						<time>2026-02-09T14:02:00Z</time>
					</trkpt>
					<trkpt lat="43.341390" lon="-1.640540">
						<ele>43</ele>
						<time>2026-02-09T14:02:08Z</time>
					</trkpt>
					<trkpt lat="43.341560" lon="-1.640400">
						<ele>45</ele>
						<time>2026-02-09T14:02:12Z</time>
					</trkpt>
					<trkpt lat="43.341770" lon="-1.640130">
						<ele>47</ele>
						<time>2026-02-09T14:02:17Z</time>
					</trkpt>
					<trkpt lat="43.342050" lon="-1.639500">
						<ele>48</ele>
						<time>2026-02-09T14:02:26Z</time>
					</trkpt>
					<trkpt lat="43.342190" lon="-1.639110">
						<ele>48</ele>
						<time>2026-02-09T14:02:32Z</time>
					</trkpt>
					<trkpt lat="43.342260" lon="-1.638820">
						<ele>49</ele>
						<time>2026-02-09T14:02:36Z</time>
					</trkpt>
					<trkpt lat="43.342290" lon="-1.638580">
						<ele>49</ele>
						<time>2026-02-09T14:02:39Z</time>
					</trkpt>
					<trkpt lat="43.342290" lon="-1.638260">
						<ele>50</ele>
						<time>2026-02-09T14:02:43Z</time>
					</trkpt>
					<trkpt lat="43.342180" lon="-1.637650">
						<ele>51</ele>
						<time>2026-02-09T14:02:51Z</time>
					</trkpt>
					<trkpt lat="43.342070" lon="-1.637270">
						<ele>50</ele>
						<time>2026-02-09T14:02:57Z</time>
					</trkpt>
					<trkpt lat="43.342080" lon="-1.636900">
						<ele>49</ele>
						<time>2026-02-09T14:03:01Z</time>
					</trkpt>
					<trkpt lat="43.342170" lon="-1.636590">
						<ele>48</ele>
						<time>2026-02-09T14:03:06Z</time>
					</trkpt>
					<trkpt lat="43.342470" lon="-1.635970">
						<ele>46</ele>
						<time>2026-02-09T14:03:15Z</time>
					</trkpt>
					<trkpt lat="43.342590" lon="-1.635620">
						<ele>44</ele>
						<time>2026-02-09T14:03:20Z</time>
					</trkpt>
					<trkpt lat="43.342630" lon="-1.635220">
						<ele>42</ele>
						<time>2026-02-09T14:03:26Z</time>
					</trkpt>
					<trkpt lat="43.342600" lon="-1.634930">
						<ele>40</ele>
						<time>2026-02-09T14:03:29Z</time>
					</trkpt>
					<trkpt lat="43.342550" lon="-1.634710">
						<ele>40</ele>
						<time>2026-02-09T14:03:32Z</time>
					</trkpt>
					<trkpt lat="43.342250" lon="-1.633840">
						<ele>37</ele>
						<time>2026-02-09T14:03:45Z</time>
					</trkpt>
					<trkpt lat="43.342230" lon="-1.633630">
						<ele>36</ele>
						<time>2026-02-09T14:03:48Z</time>
					</trkpt>
					<trkpt lat="43.342270" lon="-1.633420">
						<ele>36</ele>
						<time>2026-02-09T14:03:50Z</time>
					</trkpt>
					<trkpt lat="43.342760" lon="-1.632360">
						<ele>34</ele>
						<time>2026-02-09T14:04:07Z</time>
					</trkpt>
					<trkpt lat="43.342950" lon="-1.631880">
						<ele>32</ele>
						<time>2026-02-09T14:04:14Z</time>
					</trkpt>
					<trkpt lat="43.343330" lon="-1.630270">
						<ele>22</ele>
						<time>2026-02-09T14:04:36Z</time>
					</trkpt>
					<trkpt lat="43.343440" lon="-1.629640">
						<ele>17</ele>
						<time>2026-02-09T14:04:44Z</time>
					</trkpt>
					<trkpt lat="43.343240" lon="-1.629550">
						<ele>16</ele>
						<time>2026-02-09T14:04:48Z</time>
					</trkpt>
					<trkpt lat="43.343150" lon="-1.629440">
						<ele>15</ele>
						<time>2026-02-09T14:04:50Z</time>
					</trkpt>
					<trkpt lat="43.342990" lon="-1.629080">
						<ele>13</ele>
						<time>2026-02-09T14:04:55Z</time>
					</trkpt>
					<trkpt lat="43.342940" lon="-1.629030">
						<ele>13</ele>
						<time>2026-02-09T14:04:56Z</time>
					</trkpt>
					<trkpt lat="43.342750" lon="-1.628990">
						<ele>13</ele>
						<time>2026-02-09T14:05:00Z</time>
					</trkpt>
					<trkpt lat="43.342560" lon="-1.628900">
						<ele>13</ele>
						<time>2026-02-09T14:05:03Z</time>
					</trkpt>
					<trkpt lat="43.342360" lon="-1.628710">
						<ele>13</ele>
						<time>2026-02-09T14:05:08Z</time>
					</trkpt>
					<trkpt lat="43.342190" lon="-1.628390">
						<ele>13</ele>
						<time>2026-02-09T14:05:13Z</time>
					</trkpt>
					<trkpt lat="43.342120" lon="-1.628160">
						<ele>14</ele>
						<time>2026-02-09T14:05:16Z</time>
					</trkpt>
					<trkpt lat="43.342090" lon="-1.627930">
						<ele>15</ele>
						<time>2026-02-09T14:05:19Z</time>
					</trkpt>
					<trkpt lat="43.342080" lon="-1.627480">
						<ele>18</ele>
						<time>2026-02-09T14:05:25Z</time>
					</trkpt>
					<trkpt lat="43.342050" lon="-1.627300">
						<ele>19</ele>
						<time>2026-02-09T14:05:27Z</time>
					</trkpt>
					<trkpt lat="43.341960" lon="-1.627030">
						<ele>22</ele>
						<time>2026-02-09T14:05:31Z</time>
					</trkpt>
					<trkpt lat="43.341930" lon="-1.626490">
						<ele>25</ele>
						<time>2026-02-09T14:05:38Z</time>
					</trkpt>
					<trkpt lat="43.342450" lon="-1.624960">
						<ele>24</ele>
						<time>2026-02-09T14:06:00Z</time>
					</trkpt>
					<trkpt lat="43.342550" lon="-1.624400">
						<ele>26</ele>
						<time>2026-02-09T14:06:08Z</time>
					</trkpt>
					<trkpt lat="43.342540" lon="-1.624160">
						<ele>28</ele>
						<time>2026-02-09T14:06:11Z</time>
					</trkpt>
					<trkpt lat="43.342430" lon="-1.623520">
						<ele>29</ele>
						<time>2026-02-09T14:06:19Z</time>
					</trkpt>
					<trkpt lat="43.341930" lon="-1.621770">
						<ele>38</ele>
						<time>2026-02-09T14:06:44Z</time>
					</trkpt>
					<trkpt lat="43.341690" lon="-1.621310">
						<ele>41</ele>
						<time>2026-02-09T14:06:51Z</time>
					</trkpt>
					<trkpt lat="43.341480" lon="-1.620600">
						<ele>42</ele>
						<time>2026-02-09T14:07:01Z</time>
					</trkpt>
					<trkpt lat="43.341200" lon="-1.620130">
						<ele>44</ele>
						<time>2026-02-09T14:07:09Z</time>
					</trkpt>
					<trkpt lat="43.341200" lon="-1.620030">
						<ele>44</ele>
						<time>2026-02-09T14:07:10Z</time>
					</trkpt>
					<trkpt lat="43.341230" lon="-1.619950">
						<ele>44</ele>
						<time>2026-02-09T14:07:11Z</time>
					</trkpt>
					<trkpt lat="43.341290" lon="-1.619880">
						<ele>43</ele>
						<time>2026-02-09T14:07:12Z</time>
					</trkpt>
					<trkpt lat="43.341660" lon="-1.619760">
						<ele>41</ele>
						<time>2026-02-09T14:07:19Z</time>
					</trkpt>
					<trkpt lat="43.342090" lon="-1.619690">
						<ele>39</ele>
						<time>2026-02-09T14:07:27Z</time>
					</trkpt>
					<trkpt lat="43.342640" lon="-1.619550">
						<ele>36</ele>
						<time>2026-02-09T14:07:37Z</time>
					</trkpt>
					<trkpt lat="43.343850" lon="-1.619300">
						<ele>26</ele>
						<time>2026-02-09T14:07:59Z</time>
					</trkpt>
					<trkpt lat="43.343810" lon="-1.619010">
						<ele>25</ele>
						<time>2026-02-09T14:08:02Z</time>
					</trkpt>
					<trkpt lat="43.343800" lon="-1.617190">
						<ele>24</ele>
						<time>2026-02-09T14:08:26Z</time>
					</trkpt>
					<trkpt lat="43.343780" lon="-1.616880">
						<ele>26</ele>
						<time>2026-02-09T14:08:30Z</time>
					</trkpt>
					<trkpt lat="43.343650" lon="-1.616490">
						<ele>29</ele>
						<time>2026-02-09T14:08:36Z</time>
					</trkpt>
					<trkpt lat="43.343560" lon="-1.616370">
						<ele>30</ele>
						<time>2026-02-09T14:08:38Z</time>
					</trkpt>
					<trkpt lat="43.343460" lon="-1.616290">
						<ele>32</ele>
						<time>2026-02-09T14:08:40Z</time>
					</trkpt>
					<trkpt lat="43.341470" lon="-1.616090">
						<ele>45</ele>
						<time>2026-02-09T14:09:15Z</time>
					</trkpt>
					<trkpt lat="43.340920" lon="-1.616220">
						<ele>46</ele>
						<time>2026-02-09T14:09:25Z</time>
					</trkpt>
					<trkpt lat="43.340780" lon="-1.616210">
						<ele>47</ele>
						<time>2026-02-09T14:09:28Z</time>
					</trkpt>
					<trkpt lat="43.340640" lon="-1.616120">
						<ele>48</ele>
						<time>2026-02-09T14:09:31Z</time>
					</trkpt>
					<trkpt lat="43.340250" lon="-1.615710">
						<ele>55</ele>
						<time>2026-02-09T14:09:39Z</time>
					</trkpt>
					<trkpt lat="43.340090" lon="-1.615650">
						<ele>57</ele>
						<time>2026-02-09T14:09:42Z</time>
					</trkpt>
					<trkpt lat="43.339630" lon="-1.615560">
						<ele>59</ele>
						<time>2026-02-09T14:09:51Z</time>
					</trkpt>
					<trkpt lat="43.339210" lon="-1.615630">
						<ele>57</ele>
						<time>2026-02-09T14:09:58Z</time>
					</trkpt>
					<trkpt lat="43.338930" lon="-1.615620">
						<ele>59</ele>
						<time>2026-02-09T14:10:03Z</time>
					</trkpt>
					<trkpt lat="43.338680" lon="-1.615700">
						<ele>58</ele>
						<time>2026-02-09T14:10:08Z</time>
					</trkpt>
					<trkpt lat="43.338350" lon="-1.615660">
						<ele>61</ele>
						<time>2026-02-09T14:10:14Z</time>
					</trkpt>
					<trkpt lat="43.338070" lon="-1.615730">
						<ele>62</ele>
						<time>2026-02-09T14:10:19Z</time>
					</trkpt>
					<trkpt lat="43.337890" lon="-1.615740">
						<ele>63</ele>
						<time>2026-02-09T14:10:22Z</time>
					</trkpt>
					<trkpt lat="43.336960" lon="-1.615430">
						<ele>73</ele>
						<time>2026-02-09T14:10:39Z</time>
					</trkpt>
					<trkpt lat="43.336820" lon="-1.615320">
						<ele>75</ele>
						<time>2026-02-09T14:10:42Z</time>
					</trkpt>
					<trkpt lat="43.336540" lon="-1.614980">
						<ele>81</ele>
						<time>2026-02-09T14:10:48Z</time>
					</trkpt>
					<trkpt lat="43.336160" lon="-1.614790">
						<ele>79</ele>
						<time>2026-02-09T14:10:56Z</time>
					</trkpt>
					<trkpt lat="43.336030" lon="-1.614680">
						<ele>80</ele>
						<time>2026-02-09T14:10:58Z</time>
					</trkpt>
					<trkpt lat="43.335910" lon="-1.614500">
						<ele>81</ele>
						<time>2026-02-09T14:11:01Z</time>
					</trkpt>
					<trkpt lat="43.335760" lon="-1.614190">
						<ele>85</ele>
						<time>2026-02-09T14:11:06Z</time>
					</trkpt>
					<trkpt lat="43.335460" lon="-1.613860">
						<ele>84</ele>
						<time>2026-02-09T14:11:13Z</time>
					</trkpt>
					<trkpt lat="43.335420" lon="-1.613780">
						<ele>85</ele>
						<time>2026-02-09T14:11:14Z</time>
					</trkpt>
					<trkpt lat="43.335390" lon="-1.613680">
						<ele>86</ele>
						<time>2026-02-09T14:11:16Z</time>
					</trkpt>
					<trkpt lat="43.335390" lon="-1.613180">
						<ele>95</ele>
						<time>2026-02-09T14:11:22Z</time>
					</trkpt>
					<trkpt lat="43.335310" lon="-1.613020">
						<ele>97</ele>
						<time>2026-02-09T14:11:25Z</time>
					</trkpt>
					<trkpt lat="43.335020" lon="-1.612800">
						<ele>95</ele>
						<time>2026-02-09T14:11:31Z</time>
					</trkpt>
					<trkpt lat="43.334800" lon="-1.612320">
						<ele>101</ele>
						<time>2026-02-09T14:11:38Z</time>
					</trkpt>
					<trkpt lat="43.334720" lon="-1.612220">
						<ele>102</ele>
						<time>2026-02-09T14:11:40Z</time>
					</trkpt>
					<trkpt lat="43.334580" lon="-1.612180">
						<ele>98</ele>
						<time>2026-02-09T14:11:42Z</time>
					</trkpt>
					<trkpt lat="43.334480" lon="-1.612190">
						<ele>95</ele>
						<time>2026-02-09T14:11:44Z</time>
					</trkpt>
					<trkpt lat="43.334410" lon="-1.612140">
						<ele>94</ele>
						<time>2026-02-09T14:11:46Z</time>
					</trkpt>
					<trkpt lat="43.334320" lon="-1.612000">
						<ele>94</ele>
						<time>2026-02-09T14:11:48Z</time>
					</trkpt>
					<trkpt lat="43.334230" lon="-1.611700">
						<ele>97</ele>
						<time>2026-02-09T14:11:52Z</time>
					</trkpt>
					<trkpt lat="43.334210" lon="-1.611240">
						<ele>101</ele>
						<time>2026-02-09T14:11:58Z</time>
					</trkpt>
					<trkpt lat="43.334300" lon="-1.610780">
						<ele>108</ele>
						<time>2026-02-09T14:12:04Z</time>
					</trkpt>
					<trkpt lat="43.334300" lon="-1.610440">
						<ele>108</ele>
						<time>2026-02-09T14:12:09Z</time>
					</trkpt>
					<trkpt lat="43.334330" lon="-1.610290">
						<ele>110</ele>
						<time>2026-02-09T14:12:11Z</time>
					</trkpt>
					<trkpt lat="43.334400" lon="-1.610170">
						<ele>112</ele>
						<time>2026-02-09T14:12:13Z</time>
					</trkpt>
					<trkpt lat="43.334560" lon="-1.610010">
						<ele>119</ele>
						<time>2026-02-09T14:12:16Z</time>
					</trkpt>
					<trkpt lat="43.334600" lon="-1.609930">
						<ele>121</ele>
						<time>2026-02-09T14:12:18Z</time>
					</trkpt>
					<trkpt lat="43.334610" lon="-1.609810">
						<ele>122</ele>
						<time>2026-02-09T14:12:19Z</time>
					</trkpt>
					<trkpt lat="43.334580" lon="-1.609720">
						<ele>121</ele>
						<time>2026-02-09T14:12:20Z</time>
					</trkpt>
					<trkpt lat="43.334420" lon="-1.609550">
						<ele>117</ele>
						<time>2026-02-09T14:12:24Z</time>
					</trkpt>
					<trkpt lat="43.334350" lon="-1.609410">
						<ele>115</ele>
						<time>2026-02-09T14:12:26Z</time>
					</trkpt>
					<trkpt lat="43.334340" lon="-1.609220">
						<ele>117</ele>
						<time>2026-02-09T14:12:29Z</time>
					</trkpt>
					<trkpt lat="43.334430" lon="-1.608750">
						<ele>128</ele>
						<time>2026-02-09T14:12:35Z</time>
					</trkpt>
					<trkpt lat="43.334420" lon="-1.608580">
						<ele>130</ele>
						<time>2026-02-09T14:12:37Z</time>
					</trkpt>
					<trkpt lat="43.334390" lon="-1.608500">
						<ele>131</ele>
						<time>2026-02-09T14:12:38Z</time>
					</trkpt>
					<trkpt lat="43.334340" lon="-1.608460">
						<ele>130</ele>
						<time>2026-02-09T14:12:39Z</time>
					</trkpt>
					<trkpt lat="43.334240" lon="-1.608440">
						<ele>127</ele>
						<time>2026-02-09T14:12:41Z</time>
					</trkpt>
					<trkpt lat="43.334020" lon="-1.608530">
						<ele>121</ele>
						<time>2026-02-09T14:12:45Z</time>
					</trkpt>
					<trkpt lat="43.333900" lon="-1.608510">
						<ele>119</ele>
						<time>2026-02-09T14:12:47Z</time>
					</trkpt>
					<trkpt lat="43.333810" lon="-1.608460">
						<ele>119</ele>
						<time>2026-02-09T14:12:49Z</time>
					</trkpt>
					<trkpt lat="43.333600" lon="-1.608120">
						<ele>122</ele>
						<time>2026-02-09T14:12:55Z</time>
					</trkpt>
					<trkpt lat="43.333540" lon="-1.607870">
						<ele>126</ele>
						<time>2026-02-09T14:12:58Z</time>
					</trkpt>
					<trkpt lat="43.333500" lon="-1.607540">
						<ele>131</ele>
						<time>2026-02-09T14:13:03Z</time>
					</trkpt>
					<trkpt lat="43.333440" lon="-1.607450">
						<ele>131</ele>
						<time>2026-02-09T14:13:04Z</time>
					</trkpt>
					<trkpt lat="43.333310" lon="-1.607340">
						<ele>131</ele>
						<time>2026-02-09T14:13:07Z</time>
					</trkpt>
					<trkpt lat="43.333170" lon="-1.607280">
						<ele>129</ele>
						<time>2026-02-09T14:13:09Z</time>
					</trkpt>
					<trkpt lat="43.333110" lon="-1.607210">
						<ele>129</ele>
						<time>2026-02-09T14:13:11Z</time>
					</trkpt>
					<trkpt lat="43.332680" lon="-1.606500">
						<ele>132</ele>
						<time>2026-02-09T14:13:23Z</time>
					</trkpt>
					<trkpt lat="43.332490" lon="-1.606000">
						<ele>136</ele>
						<time>2026-02-09T14:13:30Z</time>
					</trkpt>
					<trkpt lat="43.332440" lon="-1.605690">
						<ele>140</ele>
						<time>2026-02-09T14:13:34Z</time>
					</trkpt>
					<trkpt lat="43.332460" lon="-1.605240">
						<ele>147</ele>
						<time>2026-02-09T14:13:40Z</time>
					</trkpt>
					<trkpt lat="43.332440" lon="-1.605120">
						<ele>148</ele>
						<time>2026-02-09T14:13:42Z</time>
					</trkpt>
					<trkpt lat="43.332350" lon="-1.605030">
						<ele>147</ele>
						<time>2026-02-09T14:13:44Z</time>
					</trkpt>
					<trkpt lat="43.332130" lon="-1.604970">
						<ele>142</ele>
						<time>2026-02-09T14:13:48Z</time>
					</trkpt>
					<trkpt lat="43.331990" lon="-1.604870">
						<ele>140</ele>
						<time>2026-02-09T14:13:50Z</time>
					</trkpt>
					<trkpt lat="43.331850" lon="-1.604650">
						<ele>139</ele>
						<time>2026-02-09T14:13:54Z</time>
					</trkpt>
					<trkpt lat="43.331780" lon="-1.604350">
						<ele>142</ele>
						<time>2026-02-09T14:13:58Z</time>
					</trkpt>
					<trkpt lat="43.331750" lon="-1.604060">
						<ele>145</ele>
						<time>2026-02-09T14:14:02Z</time>
					</trkpt>
					<trkpt lat="43.331430" lon="-1.603150">
						<ele>150</ele>
						<time>2026-02-09T14:14:15Z</time>
					</trkpt>
					<trkpt lat="43.331320" lon="-1.602970">
						<ele>150</ele>
						<time>2026-02-09T14:14:18Z</time>
					</trkpt>
					<trkpt lat="43.331100" lon="-1.602730">
						<ele>151</ele>
						<time>2026-02-09T14:14:23Z</time>
					</trkpt>
					<trkpt lat="43.330950" lon="-1.602620">
						<ele>152</ele>
						<time>2026-02-09T14:14:26Z</time>
					</trkpt>
					<trkpt lat="43.330190" lon="-1.602270">
						<ele>155</ele>
						<time>2026-02-09T14:14:41Z</time>
					</trkpt>
					<trkpt lat="43.329810" lon="-1.602150">
						<ele>158</ele>
						<time>2026-02-09T14:14:47Z</time>
					</trkpt>
					<trkpt lat="43.327730" lon="-1.601870">
						<ele>164</ele>
						<time>2026-02-09T14:15:25Z</time>
					</trkpt>
					<trkpt lat="43.327510" lon="-1.601780">
						<ele>166</ele>
						<time>2026-02-09T14:15:29Z</time>
					</trkpt>
					<trkpt lat="43.327150" lon="-1.601510">
						<ele>168</ele>
						<time>2026-02-09T14:15:36Z</time>
					</trkpt>
					<trkpt lat="43.326850" lon="-1.601330">
						<ele>169</ele>
						<time>2026-02-09T14:15:42Z</time>
					</trkpt>
					<trkpt lat="43.325790" lon="-1.600970">
						<ele>168</ele>
						<time>2026-02-09T14:16:01Z</time>
					</trkpt>
					<trkpt lat="43.325180" lon="-1.600540">
						<ele>174</ele>
						<time>2026-02-09T14:16:13Z</time>
					</trkpt>
					<trkpt lat="43.325080" lon="-1.600530">
						<ele>174</ele>
						<time>2026-02-09T14:16:15Z</time>
					</trkpt>
					<trkpt lat="43.324990" lon="-1.600550">
						<ele>173</ele>
						<time>2026-02-09T14:16:17Z</time>
					</trkpt>
					<trkpt lat="43.324470" lon="-1.600990">
						<ele>177</ele>
						<time>2026-02-09T14:16:28Z</time>
					</trkpt>
					<trkpt lat="43.324380" lon="-1.601030">
						<ele>179</ele>
						<time>2026-02-09T14:16:29Z</time>
					</trkpt>
					<trkpt lat="43.324310" lon="-1.601020">
						<ele>179</ele>
						<time>2026-02-09T14:16:31Z</time>
					</trkpt>
					<trkpt lat="43.324250" lon="-1.600980">
						<ele>179</ele>
						<time>2026-02-09T14:16:32Z</time>
					</trkpt>
					<trkpt lat="43.324000" lon="-1.600590">
						<ele>179</ele>
						<time>2026-02-09T14:16:39Z</time>
					</trkpt>
					<trkpt lat="43.323780" lon="-1.600340">
						<ele>180</ele>
						<time>2026-02-09T14:16:44Z</time>
					</trkpt>
					<trkpt lat="43.323680" lon="-1.600260">
						<ele>181</ele>
						<time>2026-02-09T14:16:46Z</time>
					</trkpt>
					<trkpt lat="43.323190" lon="-1.600060">
						<ele>184</ele>
						<time>2026-02-09T14:16:55Z</time>
					</trkpt>
					<trkpt lat="43.323070" lon="-1.599980">
						<ele>184</ele>
						<time>2026-02-09T14:16:57Z</time>
					</trkpt>
					<trkpt lat="43.322870" lon="-1.599830">
						<ele>184</ele>
						<time>2026-02-09T14:17:01Z</time>
					</trkpt>
					<trkpt lat="43.322650" lon="-1.599580">
						<ele>181</ele>
						<time>2026-02-09T14:17:06Z</time>
					</trkpt>
					<trkpt lat="43.322530" lon="-1.599490">
						<ele>180</ele>
						<time>2026-02-09T14:17:09Z</time>
					</trkpt>
					<trkpt lat="43.322430" lon="-1.599460">
						<ele>180</ele>
						<time>2026-02-09T14:17:11Z</time>
					</trkpt>
					<trkpt lat="43.322310" lon="-1.599530">
						<ele>183</ele>
						<time>2026-02-09T14:17:13Z</time>
					</trkpt>
					<trkpt lat="43.322030" lon="-1.599890">
						<ele>191</ele>
						<time>2026-02-09T14:17:20Z</time>
					</trkpt>
					<trkpt lat="43.321920" lon="-1.599920">
						<ele>192</ele>
						<time>2026-02-09T14:17:22Z</time>
					</trkpt>
					<trkpt lat="43.321870" lon="-1.599910">
						<ele>192</ele>
						<time>2026-02-09T14:17:23Z</time>
					</trkpt>
					<trkpt lat="43.321820" lon="-1.599800">
						<ele>191</ele>
						<time>2026-02-09T14:17:24Z</time>
					</trkpt>
					<trkpt lat="43.321900" lon="-1.599280">
						<ele>182</ele>
						<time>2026-02-09T14:17:31Z</time>
					</trkpt>
					<trkpt lat="43.321840" lon="-1.598660">
						<ele>177</ele>
						<time>2026-02-09T14:17:39Z</time>
					</trkpt>
					<trkpt lat="43.321720" lon="-1.598410">
						<ele>177</ele>
						<time>2026-02-09T14:17:43Z</time>
					</trkpt>
					<trkpt lat="43.321550" lon="-1.598200">
						<ele>175</ele>
						<time>2026-02-09T14:17:47Z</time>
					</trkpt>
					<trkpt lat="43.321390" lon="-1.598120">
						<ele>174</ele>
						<time>2026-02-09T14:17:50Z</time>
					</trkpt>
					<trkpt lat="43.321030" lon="-1.598030">
						<ele>175</ele>
						<time>2026-02-09T14:17:57Z</time>
					</trkpt>
					<trkpt lat="43.320610" lon="-1.597800">
						<ele>168</ele>
						<time>2026-02-09T14:18:05Z</time>
					</trkpt>
					<trkpt lat="43.320520" lon="-1.597790">
						<ele>167</ele>
						<time>2026-02-09T14:18:06Z</time>
					</trkpt>
					<trkpt lat="43.320430" lon="-1.597880">
						<ele>168</ele>
						<time>2026-02-09T14:18:08Z</time>
					</trkpt>
					<trkpt lat="43.320210" lon="-1.598240">
						<ele>174</ele>
						<time>2026-02-09T14:18:14Z</time>
					</trkpt>
					<trkpt lat="43.320010" lon="-1.598350">
						<ele>174</ele>
						<time>2026-02-09T14:18:18Z</time>
					</trkpt>
					<trkpt lat="43.319760" lon="-1.598550">
						<ele>178</ele>
						<time>2026-02-09T14:18:23Z</time>
					</trkpt>
					<trkpt lat="43.319640" lon="-1.598540">
						<ele>178</ele>
						<time>2026-02-09T14:18:26Z</time>
					</trkpt>
					<trkpt lat="43.319330" lon="-1.598290">
						<ele>171</ele>
						<time>2026-02-09T14:18:32Z</time>
					</trkpt>
					<trkpt lat="43.319200" lon="-1.598220">
						<ele>170</ele>
						<time>2026-02-09T14:18:34Z</time>
					</trkpt>
					<trkpt lat="43.318930" lon="-1.598230">
						<ele>172</ele>
						<time>2026-02-09T14:18:39Z</time>
					</trkpt>
					<trkpt lat="43.318840" lon="-1.598190">
						<ele>172</ele>
						<time>2026-02-09T14:18:41Z</time>
					</trkpt>
					<trkpt lat="43.318790" lon="-1.598130">
						<ele>171</ele>
						<time>2026-02-09T14:18:42Z</time>
					</trkpt>
					<trkpt lat="43.318680" lon="-1.597860">
						<ele>167</ele>
						<time>2026-02-09T14:18:46Z</time>
					</trkpt>
					<trkpt lat="43.318260" lon="-1.597630">
						<ele>167</ele>
						<time>2026-02-09T14:18:54Z</time>
					</trkpt>
					<trkpt lat="43.318130" lon="-1.597510">
						<ele>167</ele>
						<time>2026-02-09T14:18:57Z</time>
					</trkpt>
					<trkpt lat="43.317940" lon="-1.597250">
						<ele>165</ele>
						<time>2026-02-09T14:19:02Z</time>
					</trkpt>
					<trkpt lat="43.317820" lon="-1.597210">
						<ele>166</ele>
						<time>2026-02-09T14:19:04Z</time>
					</trkpt>
					<trkpt lat="43.317630" lon="-1.597210">
						<ele>169</ele>
						<time>2026-02-09T14:19:07Z</time>
					</trkpt>
					<trkpt lat="43.317580" lon="-1.597180">
						<ele>169</ele>
						<time>2026-02-09T14:19:08Z</time>
					</trkpt>
					<trkpt lat="43.317380" lon="-1.596830">
						<ele>167</ele>
						<time>2026-02-09T14:19:14Z</time>
					</trkpt>
					<trkpt lat="43.317250" lon="-1.596740">
						<ele>170</ele>
						<time>2026-02-09T14:19:17Z</time>
					</trkpt>
					<trkpt lat="43.317230" lon="-1.596670">
						<ele>169</ele>
						<time>2026-02-09T14:19:18Z</time>
					</trkpt>
					<trkpt lat="43.317240" lon="-1.596570">
						<ele>168</ele>
						<time>2026-02-09T14:19:19Z</time>
					</trkpt>
					<trkpt lat="43.317380" lon="-1.596230">
						<ele>159</ele>
						<time>2026-02-09T14:19:24Z</time>
					</trkpt>
					<trkpt lat="43.317400" lon="-1.595940">
						<ele>156</ele>
						<time>2026-02-09T14:19:28Z</time>
					</trkpt>
					<trkpt lat="43.317380" lon="-1.595810">
						<ele>155</ele>
						<time>2026-02-09T14:19:29Z</time>
					</trkpt>
					<trkpt lat="43.317240" lon="-1.595550">
						<ele>155</ele>
						<time>2026-02-09T14:19:34Z</time>
					</trkpt>
					<trkpt lat="43.317050" lon="-1.595290">
						<ele>155</ele>
						<time>2026-02-09T14:19:38Z</time>
					</trkpt>
					<trkpt lat="43.316830" lon="-1.595140">
						<ele>157</ele>
						<time>2026-02-09T14:19:43Z</time>
					</trkpt>
					<trkpt lat="43.316520" lon="-1.594810">
						<ele>155</ele>
						<time>2026-02-09T14:19:50Z</time>
					</trkpt>
					<trkpt lat="43.316310" lon="-1.594750">
						<ele>157</ele>
						<time>2026-02-09T14:19:54Z</time>
					</trkpt>
					<trkpt lat="43.316220" lon="-1.594690">
						<ele>157</ele>
						<time>2026-02-09T14:19:55Z</time>
					</trkpt>
					<trkpt lat="43.316010" lon="-1.594270">
						<ele>151</ele>
						<time>2026-02-09T14:20:02Z</time>
					</trkpt>
					<trkpt lat="43.315880" lon="-1.594170">
						<ele>150</ele>
						<time>2026-02-09T14:20:05Z</time>
					</trkpt>
					<trkpt lat="43.315620" lon="-1.594110">
						<ele>155</ele>
						<time>2026-02-09T14:20:09Z</time>
					</trkpt>
					<trkpt lat="43.315550" lon="-1.594070">
						<ele>156</ele>
						<time>2026-02-09T14:20:11Z</time>
					</trkpt>
					<trkpt lat="43.315500" lon="-1.594010">
						<ele>156</ele>
						<time>2026-02-09T14:20:12Z</time>
					</trkpt>
					<trkpt lat="43.315450" lon="-1.593800">
						<ele>154</ele>
						<time>2026-02-09T14:20:15Z</time>
					</trkpt>
					<trkpt lat="43.315380" lon="-1.593660">
						<ele>154</ele>
						<time>2026-02-09T14:20:17Z</time>
					</trkpt>
					<trkpt lat="43.315300" lon="-1.593580">
						<ele>155</ele>
						<time>2026-02-09T14:20:19Z</time>
					</trkpt>
					<trkpt lat="43.315170" lon="-1.593510">
						<ele>158</ele>
						<time>2026-02-09T14:20:21Z</time>
					</trkpt>
					<trkpt lat="43.315130" lon="-1.593390">
						<ele>157</ele>
						<time>2026-02-09T14:20:23Z</time>
					</trkpt>
					<trkpt lat="43.315270" lon="-1.593130">
						<ele>153</ele>
						<time>2026-02-09T14:20:27Z</time>
					</trkpt>
					<trkpt lat="43.315440" lon="-1.592900">
						<ele>148</ele>
						<time>2026-02-09T14:20:31Z</time>
					</trkpt>
					<trkpt lat="43.315500" lon="-1.592750">
						<ele>146</ele>
						<time>2026-02-09T14:20:34Z</time>
					</trkpt>
					<trkpt lat="43.315600" lon="-1.592420">
						<ele>142</ele>
						<time>2026-02-09T14:20:38Z</time>
					</trkpt>
					<trkpt lat="43.315930" lon="-1.591560">
						<ele>136</ele>
						<time>2026-02-09T14:20:51Z</time>
					</trkpt>
					<trkpt lat="43.315950" lon="-1.591350">
						<ele>137</ele>
						<time>2026-02-09T14:20:53Z</time>
					</trkpt>
					<trkpt lat="43.316030" lon="-1.591130">
						<ele>137</ele>
						<time>2026-02-09T14:20:57Z</time>
					</trkpt>
					<trkpt lat="43.316110" lon="-1.591070">
						<ele>136</ele>
						<time>2026-02-09T14:20:58Z</time>
					</trkpt>
					<trkpt lat="43.316240" lon="-1.591020">
						<ele>135</ele>
						<time>2026-02-09T14:21:01Z</time>
					</trkpt>
					<trkpt lat="43.316440" lon="-1.590980">
						<ele>132</ele>
						<time>2026-02-09T14:21:04Z</time>
					</trkpt>
					<trkpt lat="43.316640" lon="-1.590860">
						<ele>131</ele>
						<time>2026-02-09T14:21:08Z</time>
					</trkpt>
					<trkpt lat="43.316720" lon="-1.590780">
						<ele>131</ele>
						<time>2026-02-09T14:21:10Z</time>
					</trkpt>
					<trkpt lat="43.316900" lon="-1.590480">
						<ele>132</ele>
						<time>2026-02-09T14:21:15Z</time>
					</trkpt>
					<trkpt lat="43.316980" lon="-1.590390">
						<ele>132</ele>
						<time>2026-02-09T14:21:17Z</time>
					</trkpt>
					<trkpt lat="43.317100" lon="-1.590320">
						<ele>132</ele>
						<time>2026-02-09T14:21:19Z</time>
					</trkpt>
					<trkpt lat="43.317220" lon="-1.590290">
						<ele>131</ele>
						<time>2026-02-09T14:21:21Z</time>
					</trkpt>
					<trkpt lat="43.317370" lon="-1.590300">
						<ele>129</ele>
						<time>2026-02-09T14:21:24Z</time>
					</trkpt>
					<trkpt lat="43.317670" lon="-1.590370">
						<ele>125</ele>
						<time>2026-02-09T14:21:29Z</time>
					</trkpt>
					<trkpt lat="43.317750" lon="-1.590350">
						<ele>125</ele>
						<time>2026-02-09T14:21:31Z</time>
					</trkpt>
					<trkpt lat="43.317890" lon="-1.590200">
						<ele>126</ele>
						<time>2026-02-09T14:21:34Z</time>
					</trkpt>
					<trkpt lat="43.318130" lon="-1.589770">
						<ele>128</ele>
						<time>2026-02-09T14:21:41Z</time>
					</trkpt>
					<trkpt lat="43.318150" lon="-1.589690">
						<ele>128</ele>
						<time>2026-02-09T14:21:42Z</time>
					</trkpt>
					<trkpt lat="43.318120" lon="-1.589510">
						<ele>128</ele>
						<time>2026-02-09T14:21:44Z</time>
					</trkpt>
					<trkpt lat="43.318010" lon="-1.589360">
						<ele>128</ele>
						<time>2026-02-09T14:21:47Z</time>
					</trkpt>
					<trkpt lat="43.317920" lon="-1.589320">
						<ele>128</ele>
						<time>2026-02-09T14:21:49Z</time>
					</trkpt>
					<trkpt lat="43.317640" lon="-1.589300">
						<ele>128</ele>
						<time>2026-02-09T14:21:54Z</time>
					</trkpt>
					<trkpt lat="43.317480" lon="-1.589220">
						<ele>127</ele>
						<time>2026-02-09T14:21:57Z</time>
					</trkpt>
					<trkpt lat="43.317160" lon="-1.588850">
						<ele>124</ele>
						<time>2026-02-09T14:22:04Z</time>
					</trkpt>
					<trkpt lat="43.317050" lon="-1.588750">
						<ele>123</ele>
						<time>2026-02-09T14:22:07Z</time>
					</trkpt>
					<trkpt lat="43.316960" lon="-1.588720">
						<ele>123</ele>
						<time>2026-02-09T14:22:08Z</time>
					</trkpt>
					<trkpt lat="43.316520" lon="-1.588670">
						<ele>122</ele>
						<time>2026-02-09T14:22:16Z</time>
					</trkpt>
					<trkpt lat="43.316130" lon="-1.588570">
						<ele>119</ele>
						<time>2026-02-09T14:22:23Z</time>
					</trkpt>
					<trkpt lat="43.315530" lon="-1.588570">
						<ele>117</ele>
						<time>2026-02-09T14:22:34Z</time>
					</trkpt>
					<trkpt lat="43.315290" lon="-1.588530">
						<ele>114</ele>
						<time>2026-02-09T14:22:38Z</time>
					</trkpt>
					<trkpt lat="43.314960" lon="-1.588600">
						<ele>113</ele>
						<time>2026-02-09T14:22:44Z</time>
					</trkpt>
					<trkpt lat="43.314910" lon="-1.588560">
						<ele>112</ele>
						<time>2026-02-09T14:22:45Z</time>
					</trkpt>
					<trkpt lat="43.314900" lon="-1.588420">
						<ele>108</ele>
						<time>2026-02-09T14:22:47Z</time>
					</trkpt>
					<trkpt lat="43.314940" lon="-1.588370">
						<ele>107</ele>
						<time>2026-02-09T14:22:48Z</time>
					</trkpt>
					<trkpt lat="43.315010" lon="-1.588340">
						<ele>107</ele>
						<time>2026-02-09T14:22:49Z</time>
					</trkpt>
					<trkpt lat="43.315300" lon="-1.588310">
						<ele>109</ele>
						<time>2026-02-09T14:22:54Z</time>
					</trkpt>
					<trkpt lat="43.315510" lon="-1.588320">
						<ele>111</ele>
						<time>2026-02-09T14:22:58Z</time>
					</trkpt>
					<trkpt lat="43.315860" lon="-1.588210">
						<ele>111</ele>
						<time>2026-02-09T14:23:05Z</time>
					</trkpt>
					<trkpt lat="43.316170" lon="-1.588070">
						<ele>107</ele>
						<time>2026-02-09T14:23:10Z</time>
					</trkpt>
					<trkpt lat="43.316560" lon="-1.588000">
						<ele>107</ele>
						<time>2026-02-09T14:23:17Z</time>
					</trkpt>
					<trkpt lat="43.317170" lon="-1.587960">
						<ele>109</ele>
						<time>2026-02-09T14:23:28Z</time>
					</trkpt>
					<trkpt lat="43.317210" lon="-1.587900">
						<ele>108</ele>
						<time>2026-02-09T14:23:29Z</time>
					</trkpt>
					<trkpt lat="43.317210" lon="-1.587810">
						<ele>107</ele>
						<time>2026-02-09T14:23:31Z</time>
					</trkpt>
					<trkpt lat="43.316970" lon="-1.587530">
						<ele>100</ele>
						<time>2026-02-09T14:23:36Z</time>
					</trkpt>
					<trkpt lat="43.316480" lon="-1.587160">
						<ele>92</ele>
						<time>2026-02-09T14:23:46Z</time>
					</trkpt>
					<trkpt lat="43.316270" lon="-1.586790">
						<ele>86</ele>
						<time>2026-02-09T14:23:52Z</time>
					</trkpt>
					<trkpt lat="43.316170" lon="-1.586440">
						<ele>82</ele>
						<time>2026-02-09T14:23:57Z</time>
					</trkpt>
					<trkpt lat="43.315830" lon="-1.584820">
						<ele>72</ele>
						<time>2026-02-09T14:24:19Z</time>
					</trkpt>
					<trkpt lat="43.315750" lon="-1.584560">
						<ele>71</ele>
						<time>2026-02-09T14:24:22Z</time>
					</trkpt>
					<trkpt lat="43.315680" lon="-1.584620">
						<ele>70</ele>
						<time>2026-02-09T14:24:24Z</time>
					</trkpt>
					<trkpt lat="43.315380" lon="-1.584710">
						<ele>67</ele>
						<time>2026-02-09T14:24:29Z</time>
					</trkpt>
					<trkpt lat="43.315680" lon="-1.584620">
						<ele>70</ele>
						<time>2026-02-09T14:24:35Z</time>
					</trkpt>
					<trkpt lat="43.315750" lon="-1.584560">
						<ele>71</ele>
						<time>2026-02-09T14:24:36Z</time>
					</trkpt>
					<trkpt lat="43.315600" lon="-1.584160">
						<ele>69</ele>
						<time>2026-02-09T14:24:42Z</time>
					</trkpt>
					<trkpt lat="43.315430" lon="-1.583900">
						<ele>67</ele>
						<time>2026-02-09T14:24:47Z</time>
					</trkpt>
					<trkpt lat="43.314820" lon="-1.583220">
						<ele>63</ele>
						<time>2026-02-09T14:25:01Z</time>
					</trkpt>
					<trkpt lat="43.314720" lon="-1.583150">
						<ele>62</ele>
						<time>2026-02-09T14:25:03Z</time>
					</trkpt>
					<trkpt lat="43.314550" lon="-1.583100">
						<ele>61</ele>
						<time>2026-02-09T14:25:06Z</time>
					</trkpt>
					<trkpt lat="43.314480" lon="-1.583000">
						<ele>61</ele>
						<time>2026-02-09T14:25:08Z</time>
					</trkpt>
					<trkpt lat="43.314470" lon="-1.582890">
						<ele>61</ele>
						<time>2026-02-09T14:25:09Z</time>
					</trkpt>
					<trkpt lat="43.314560" lon="-1.582650">
						<ele>60</ele>
						<time>2026-02-09T14:25:12Z</time>
					</trkpt>
					<trkpt lat="43.314580" lon="-1.582490">
						<ele>60</ele>
						<time>2026-02-09T14:25:15Z</time>
					</trkpt>
					<trkpt lat="43.314560" lon="-1.582250">
						<ele>60</ele>
						<time>2026-02-09T14:25:18Z</time>
					</trkpt>
					<trkpt lat="43.314570" lon="-1.581870">
						<ele>59</ele>
						<time>2026-02-09T14:25:23Z</time>
					</trkpt>
					<trkpt lat="43.314700" lon="-1.581390">
						<ele>58</ele>
						<time>2026-02-09T14:25:29Z</time>
					</trkpt>
					<trkpt lat="43.315010" lon="-1.580570">
						<ele>56</ele>
						<time>2026-02-09T14:25:41Z</time>
					</trkpt>
					<trkpt lat="43.315030" lon="-1.580110">
						<ele>55</ele>
						<time>2026-02-09T14:25:47Z</time>
					</trkpt>
					<trkpt lat="43.314970" lon="-1.579800">
						<ele>55</ele>
						<time>2026-02-09T14:25:51Z</time>
					</trkpt>
					<trkpt lat="43.314410" lon="-1.577720">
						<ele>61</ele>
						<time>2026-02-09T14:26:20Z</time>
					</trkpt>
					<trkpt lat="43.313820" lon="-1.575660">
						<ele>56</ele>
						<time>2026-02-09T14:26:49Z</time>
					</trkpt>
					<trkpt lat="43.313690" lon="-1.575290">
						<ele>55</ele>
						<time>2026-02-09T14:26:54Z</time>
					</trkpt>
					<trkpt lat="43.313520" lon="-1.574950">
						<ele>53</ele>
						<time>2026-02-09T14:26:59Z</time>
					</trkpt>
					<trkpt lat="43.313330" lon="-1.574780">
						<ele>53</ele>
						<time>2026-02-09T14:27:03Z</time>
					</trkpt>
					<trkpt lat="43.312560" lon="-1.574220">
						<ele>51</ele>
						<time>2026-02-09T14:27:19Z</time>
					</trkpt>
					<trkpt lat="43.311580" lon="-1.573330">
						<ele>49</ele>
						<time>2026-02-09T14:27:40Z</time>
					</trkpt>
					<trkpt lat="43.311010" lon="-1.572740">
						<ele>45</ele>
						<time>2026-02-09T14:27:53Z</time>
					</trkpt>
					<trkpt lat="43.310780" lon="-1.572550">
						<ele>44</ele>
						<time>2026-02-09T14:27:57Z</time>
					</trkpt>
					<trkpt lat="43.310510" lon="-1.572430">
						<ele>46</ele>
						<time>2026-02-09T14:28:02Z</time>
					</trkpt>
					<trkpt lat="43.310180" lon="-1.572340">
						<ele>47</ele>
						<time>2026-02-09T14:28:08Z</time>
					</trkpt>
					<trkpt lat="43.309770" lon="-1.572290">
						<ele>48</ele>
						<time>2026-02-09T14:28:16Z</time>
					</trkpt>
					<trkpt lat="43.309660" lon="-1.572310">
						<ele>47</ele>
						<time>2026-02-09T14:28:18Z</time>
					</trkpt>
					<trkpt lat="43.309600" lon="-1.572350">
						<ele>47</ele>
						<time>2026-02-09T14:28:19Z</time>
					</trkpt>
					<trkpt lat="43.309540" lon="-1.572300">
						<ele>47</ele>
						<time>2026-02-09T14:28:20Z</time>
					</trkpt>
					<trkpt lat="43.309540" lon="-1.572180">
						<ele>47</ele>
						<time>2026-02-09T14:28:22Z</time>
					</trkpt>
					<trkpt lat="43.309690" lon="-1.572010">
						<ele>47</ele>
						<time>2026-02-09T14:28:25Z</time>
					</trkpt>
					<trkpt lat="43.309840" lon="-1.571510">
						<ele>48</ele>
						<time>2026-02-09T14:28:32Z</time>
					</trkpt>
					<trkpt lat="43.309900" lon="-1.570970">
						<ele>49</ele>
						<time>2026-02-09T14:28:39Z</time>
					</trkpt>
					<trkpt lat="43.309850" lon="-1.570750">
						<ele>50</ele>
						<time>2026-02-09T14:28:42Z</time>
					</trkpt>
					<trkpt lat="43.309520" lon="-1.570230">
						<ele>50</ele>
						<time>2026-02-09T14:28:51Z</time>
					</trkpt>
					<trkpt lat="43.309340" lon="-1.569760">
						<ele>50</ele>
						<time>2026-02-09T14:28:58Z</time>
					</trkpt>
					<trkpt lat="43.309220" lon="-1.569320">
						<ele>51</ele>
						<time>2026-02-09T14:29:04Z</time>
					</trkpt>
					<trkpt lat="43.309180" lon="-1.568960">
						<ele>51</ele>
						<time>2026-02-09T14:29:09Z</time>
					</trkpt>
					<trkpt lat="43.309480" lon="-1.567740">
						<ele>49</ele>
						<time>2026-02-09T14:29:25Z</time>
					</trkpt>
					<trkpt lat="43.310340" lon="-1.566250">
						<ele>48</ele>
						<time>2026-02-09T14:29:50Z</time>
					</trkpt>
					<trkpt lat="43.310600" lon="-1.565990">
						<ele>47</ele>
						<time>2026-02-09T14:29:56Z</time>
					</trkpt>
					<trkpt lat="43.312260" lon="-1.564980">
						<ele>47</ele>
						<time>2026-02-09T14:30:28Z</time>
					</trkpt>
					<trkpt lat="43.312530" lon="-1.564760">
						<ele>47</ele>
						<time>2026-02-09T14:30:34Z</time>
					</trkpt>
					<trkpt lat="43.313160" lon="-1.563710">
						<ele>45</ele>
						<time>2026-02-09T14:30:51Z</time>
					</trkpt>
					<trkpt lat="43.313920" lon="-1.563080">
						<ele>44</ele>
						<time>2026-02-09T14:31:07Z</time>
					</trkpt>
					<trkpt lat="43.314180" lon="-1.562770">
						<ele>44</ele>
						<time>2026-02-09T14:31:13Z</time>
					</trkpt>
					<trkpt lat="43.314400" lon="-1.562280">
						<ele>45</ele>
						<time>2026-02-09T14:31:21Z</time>
					</trkpt>
					<trkpt lat="43.314590" lon="-1.561340">
						<ele>46</ele>
						<time>2026-02-09T14:31:33Z</time>
					</trkpt>
					<trkpt lat="43.314690" lon="-1.561120">
						<ele>46</ele>
						<time>2026-02-09T14:31:37Z</time>
					</trkpt>
					<trkpt lat="43.314780" lon="-1.561060">
						<ele>47</ele>
						<time>2026-02-09T14:31:38Z</time>
					</trkpt>
					<trkpt lat="43.314860" lon="-1.561060">
						<ele>48</ele>
						<time>2026-02-09T14:31:40Z</time>
					</trkpt>
					<trkpt lat="43.315600" lon="-1.561550">
						<ele>53</ele>
						<time>2026-02-09T14:31:54Z</time>
					</trkpt>
					<trkpt lat="43.315750" lon="-1.561570">
						<ele>53</ele>
						<time>2026-02-09T14:31:57Z</time>
					</trkpt>
					<trkpt lat="43.315900" lon="-1.561520">
						<ele>53</ele>
						<time>2026-02-09T14:32:00Z</time>
					</trkpt>
					<trkpt lat="43.316170" lon="-1.561300">
						<ele>55</ele>
						<time>2026-02-09T14:32:05Z</time>
					</trkpt>
					<trkpt lat="43.317020" lon="-1.560360">
						<ele>55</ele>
						<time>2026-02-09T14:32:25Z</time>
					</trkpt>
					<trkpt lat="43.317360" lon="-1.560020">
						<ele>53</ele>
						<time>2026-02-09T14:32:32Z</time>
					</trkpt>
					<trkpt lat="43.317490" lon="-1.559850">
						<ele>52</ele>
						<time>2026-02-09T14:32:36Z</time>
					</trkpt>
					<trkpt lat="43.317560" lon="-1.559670">
						<ele>52</ele>
						<time>2026-02-09T14:32:38Z</time>
					</trkpt>
					<trkpt lat="43.317640" lon="-1.559320">
						<ele>51</ele>
						<time>2026-02-09T14:32:43Z</time>
					</trkpt>
					<trkpt lat="43.317740" lon="-1.559090">
						<ele>50</ele>
						<time>2026-02-09T14:32:46Z</time>
					</trkpt>
					<trkpt lat="43.318100" lon="-1.558590">
						<ele>48</ele>
						<time>2026-02-09T14:32:55Z</time>
					</trkpt>
					<trkpt lat="43.318640" lon="-1.557630">
						<ele>46</ele>
						<time>2026-02-09T14:33:11Z</time>
					</trkpt>
					<trkpt lat="43.319210" lon="-1.556890">
						<ele>43</ele>
						<time>2026-02-09T14:33:25Z</time>
					</trkpt>
					<trkpt lat="43.319410" lon="-1.556520">
						<ele>41</ele>
						<time>2026-02-09T14:33:31Z</time>
					</trkpt>
					<trkpt lat="43.319470" lon="-1.556350">
						<ele>40</ele>
						<time>2026-02-09T14:33:34Z</time>
					</trkpt>
					<trkpt lat="43.319960" lon="-1.554160">
						<ele>35</ele>
						<time>2026-02-09T14:34:03Z</time>
					</trkpt>
					<trkpt lat="43.320080" lon="-1.553950">
						<ele>35</ele>
						<time>2026-02-09T14:34:07Z</time>
					</trkpt>
					<trkpt lat="43.320650" lon="-1.553370">
						<ele>34</ele>
						<time>2026-02-09T14:34:19Z</time>
					</trkpt>
					<trkpt lat="43.320790" lon="-1.553110">
						<ele>33</ele>
						<time>2026-02-09T14:34:23Z</time>
					</trkpt>
					<trkpt lat="43.320910" lon="-1.552730">
						<ele>33</ele>
						<time>2026-02-09T14:34:29Z</time>
					</trkpt>
					<trkpt lat="43.321390" lon="-1.550760">
						<ele>32</ele>
						<time>2026-02-09T14:34:56Z</time>
					</trkpt>
					<trkpt lat="43.321430" lon="-1.550560">
						<ele>31</ele>
						<time>2026-02-09T14:34:58Z</time>
					</trkpt>
					<trkpt lat="43.321380" lon="-1.550510">
						<ele>31</ele>
						<time>2026-02-09T14:35:00Z</time>
					</trkpt>
					<trkpt lat="43.321360" lon="-1.550430">
						<ele>31</ele>
						<time>2026-02-09T14:35:01Z</time>
					</trkpt>
					<trkpt lat="43.321410" lon="-1.550330">
						<ele>31</ele>
						<time>2026-02-09T14:35:02Z</time>
					</trkpt>
					<trkpt lat="43.321490" lon="-1.550330">
						<ele>31</ele>
						<time>2026-02-09T14:35:04Z</time>
					</trkpt>
					<trkpt lat="43.321540" lon="-1.550410">
						<ele>31</ele>
						<time>2026-02-09T14:35:05Z</time>
					</trkpt>
					<trkpt lat="43.321830" lon="-1.550230">
						<ele>30</ele>
						<time>2026-02-09T14:35:11Z</time>
					</trkpt>
					<trkpt lat="43.322460" lon="-1.549910">
						<ele>30</ele>
						<time>2026-02-09T14:35:23Z</time>
					</trkpt>
					<trkpt lat="43.324450" lon="-1.549030">
						<ele>34</ele>
						<time>2026-02-09T14:36:00Z</time>
					</trkpt>
					<trkpt lat="43.324640" lon="-1.548920">
						<ele>34</ele>
						<time>2026-02-09T14:36:03Z</time>
					</trkpt>
					<trkpt lat="43.325650" lon="-1.548050">
						<ele>36</ele>
						<time>2026-02-09T14:36:25Z</time>
					</trkpt>
					<trkpt lat="43.328470" lon="-1.545260">
						<ele>37</ele>
						<time>2026-02-09T14:37:26Z</time>
					</trkpt>
					<trkpt lat="43.328770" lon="-1.545040">
						<ele>34</ele>
						<time>2026-02-09T14:37:33Z</time>
					</trkpt>
					<trkpt lat="43.329730" lon="-1.544440">
						<ele>31</ele>
						<time>2026-02-09T14:37:51Z</time>
					</trkpt>
					<trkpt lat="43.329930" lon="-1.544360">
						<ele>31</ele>
						<time>2026-02-09T14:37:55Z</time>
					</trkpt>
					<trkpt lat="43.330150" lon="-1.544350">
						<ele>31</ele>
						<time>2026-02-09T14:37:59Z</time>
					</trkpt>
					<trkpt lat="43.330430" lon="-1.544440">
						<ele>31</ele>
						<time>2026-02-09T14:38:04Z</time>
					</trkpt>
					<trkpt lat="43.330570" lon="-1.544530">
						<ele>32</ele>
						<time>2026-02-09T14:38:07Z</time>
					</trkpt>
					<trkpt lat="43.330800" lon="-1.544770">
						<ele>32</ele>
						<time>2026-02-09T14:38:12Z</time>
					</trkpt>
					<trkpt lat="43.331330" lon="-1.545390">
						<ele>34</ele>
						<time>2026-02-09T14:38:24Z</time>
					</trkpt>
					<trkpt lat="43.331440" lon="-1.545330">
						<ele>33</ele>
						<time>2026-02-09T14:38:26Z</time>
					</trkpt>
					<trkpt lat="43.331540" lon="-1.545390">
						<ele>33</ele>
						<time>2026-02-09T14:38:28Z</time>
					</trkpt>
					<trkpt lat="43.331820" lon="-1.545780">
						<ele>35</ele>
						<time>2026-02-09T14:38:35Z</time>
					</trkpt>
					<trkpt lat="43.331900" lon="-1.545850">
						<ele>36</ele>
						<time>2026-02-09T14:38:37Z</time>
					</trkpt>
					<trkpt lat="43.331820" lon="-1.545780">
						<ele>35</ele>
						<time>2026-02-09T14:38:39Z</time>
					</trkpt>
					<trkpt lat="43.331540" lon="-1.545390">
						<ele>33</ele>
						<time>2026-02-09T14:38:46Z</time>
					</trkpt>
					<trkpt lat="43.331440" lon="-1.545330">
						<ele>33</ele>
						<time>2026-02-09T14:38:48Z</time>
					</trkpt>
					<trkpt lat="43.331330" lon="-1.545390">
						<ele>34</ele>
						<time>2026-02-09T14:38:50Z</time>
					</trkpt>
					<trkpt lat="43.331460" lon="-1.545550">
						<ele>34</ele>
						<time>2026-02-09T14:38:53Z</time>
					</trkpt>
					<trkpt lat="43.331700" lon="-1.545920">
						<ele>35</ele>
						<time>2026-02-09T14:38:59Z</time>
					</trkpt>
					<trkpt lat="43.331930" lon="-1.546630">
						<ele>37</ele>
						<time>2026-02-09T14:39:10Z</time>
					</trkpt>
					<trkpt lat="43.332020" lon="-1.546830">
						<ele>38</ele>
						<time>2026-02-09T14:39:13Z</time>
					</trkpt>
					<trkpt lat="43.332310" lon="-1.547200">
						<ele>41</ele>
						<time>2026-02-09T14:39:20Z</time>
					</trkpt>
					<trkpt lat="43.333170" lon="-1.547980">
						<ele>42</ele>
						<time>2026-02-09T14:39:38Z</time>
					</trkpt>
					<trkpt lat="43.333370" lon="-1.548080">
						<ele>40</ele>
						<time>2026-02-09T14:39:42Z</time>
					</trkpt>
					<trkpt lat="43.334520" lon="-1.548340">
						<ele>35</ele>
						<time>2026-02-09T14:40:02Z</time>
					</trkpt>
					<trkpt lat="43.335320" lon="-1.548650">
						<ele>36</ele>
						<time>2026-02-09T14:40:17Z</time>
					</trkpt>
					<trkpt lat="43.336060" lon="-1.549020">
						<ele>38</ele>
						<time>2026-02-09T14:40:31Z</time>
					</trkpt>
					<trkpt lat="43.336890" lon="-1.549340">
						<ele>34</ele>
						<time>2026-02-09T14:40:47Z</time>
					</trkpt>
					<trkpt lat="43.338650" lon="-1.550370">
						<ele>40</ele>
						<time>2026-02-09T14:41:21Z</time>
					</trkpt>
					<trkpt lat="43.338770" lon="-1.550420">
						<ele>41</ele>
						<time>2026-02-09T14:41:23Z</time>
					</trkpt>
					<trkpt lat="43.338960" lon="-1.550430">
						<ele>43</ele>
						<time>2026-02-09T14:41:26Z</time>
					</trkpt>
					<trkpt lat="43.339170" lon="-1.550380">
						<ele>45</ele>
						<time>2026-02-09T14:41:30Z</time>
					</trkpt>
					<trkpt lat="43.341860" lon="-1.548730">
						<ele>35</ele>
						<time>2026-02-09T14:42:22Z</time>
					</trkpt>
					<trkpt lat="43.342040" lon="-1.548640">
						<ele>33</ele>
						<time>2026-02-09T14:42:26Z</time>
					</trkpt>
					<trkpt lat="43.342380" lon="-1.548580">
						<ele>32</ele>
						<time>2026-02-09T14:42:32Z</time>
					</trkpt>
					<trkpt lat="43.342630" lon="-1.548590">
						<ele>31</ele>
						<time>2026-02-09T14:42:36Z</time>
					</trkpt>
					<trkpt lat="43.342930" lon="-1.548700">
						<ele>30</ele>
						<time>2026-02-09T14:42:42Z</time>
					</trkpt>
					<trkpt lat="43.343170" lon="-1.548850">
						<ele>30</ele>
						<time>2026-02-09T14:42:47Z</time>
					</trkpt>
					<trkpt lat="43.343400" lon="-1.549100">
						<ele>30</ele>
						<time>2026-02-09T14:42:52Z</time>
					</trkpt>
					<trkpt lat="43.344900" lon="-1.551140">
						<ele>22</ele>
						<time>2026-02-09T14:43:29Z</time>
					</trkpt>
					<trkpt lat="43.345490" lon="-1.551880">
						<ele>20</ele>
						<time>2026-02-09T14:43:44Z</time>
					</trkpt>
					<trkpt lat="43.345620" lon="-1.551980">
						<ele>20</ele>
						<time>2026-02-09T14:43:46Z</time>
					</trkpt>
					<trkpt lat="43.345720" lon="-1.552040">
						<ele>19</ele>
						<time>2026-02-09T14:43:48Z</time>
					</trkpt>
					<trkpt lat="43.345980" lon="-1.552130">
						<ele>19</ele>
						<time>2026-02-09T14:43:53Z</time>
					</trkpt>
					<trkpt lat="43.347920" lon="-1.552330">
						<ele>19</ele>
						<time>2026-02-09T14:44:28Z</time>
					</trkpt>
					<trkpt lat="43.348020" lon="-1.552350">
						<ele>19</ele>
						<time>2026-02-09T14:44:29Z</time>
					</trkpt>
					<trkpt lat="43.348200" lon="-1.552440">
						<ele>18</ele>
						<time>2026-02-09T14:44:33Z</time>
					</trkpt>
					<trkpt lat="43.348340" lon="-1.552460">
						<ele>18</ele>
						<time>2026-02-09T14:44:35Z</time>
					</trkpt>
					<trkpt lat="43.348470" lon="-1.552410">
						<ele>18</ele>
						<time>2026-02-09T14:44:38Z</time>
					</trkpt>
					<trkpt lat="43.348580" lon="-1.552290">
						<ele>19</ele>
						<time>2026-02-09T14:44:40Z</time>
					</trkpt>
					<trkpt lat="43.348660" lon="-1.551850">
						<ele>20</ele>
						<time>2026-02-09T14:44:46Z</time>
					</trkpt>
					<trkpt lat="43.348760" lon="-1.551630">
						<ele>20</ele>
						<time>2026-02-09T14:44:49Z</time>
					</trkpt>
					<trkpt lat="43.350730" lon="-1.549930">
						<ele>19</ele>
						<time>2026-02-09T14:45:31Z</time>
					</trkpt>
					<trkpt lat="43.350860" lon="-1.549780">
						<ele>18</ele>
						<time>2026-02-09T14:45:34Z</time>
					</trkpt>
					<trkpt lat="43.350900" lon="-1.549680">
						<ele>19</ele>
						<time>2026-02-09T14:45:35Z</time>
					</trkpt>
					<trkpt lat="43.350920" lon="-1.549500">
						<ele>19</ele>
						<time>2026-02-09T14:45:38Z</time>
					</trkpt>
					<trkpt lat="43.350850" lon="-1.549200">
						<ele>20</ele>
						<time>2026-02-09T14:45:42Z</time>
					</trkpt>
					<trkpt lat="43.350760" lon="-1.549120">
						<ele>20</ele>
						<time>2026-02-09T14:45:44Z</time>
					</trkpt>
					<trkpt lat="43.349410" lon="-1.548400">
						<ele>23</ele>
						<time>2026-02-09T14:46:09Z</time>
					</trkpt>
					<trkpt lat="43.349100" lon="-1.548200">
						<ele>24</ele>
						<time>2026-02-09T14:46:15Z</time>
					</trkpt>
					<trkpt lat="43.348880" lon="-1.548000">
						<ele>25</ele>
						<time>2026-02-09T14:46:20Z</time>
					</trkpt>
					<trkpt lat="43.348690" lon="-1.547750">
						<ele>25</ele>
						<time>2026-02-09T14:46:25Z</time>
					</trkpt>
					<trkpt lat="43.347010" lon="-1.545090">
						<ele>28</ele>
						<time>2026-02-09T14:47:10Z</time>
					</trkpt>
					<trkpt lat="43.346880" lon="-1.544820">
						<ele>28</ele>
						<time>2026-02-09T14:47:15Z</time>
					</trkpt>
					<trkpt lat="43.346810" lon="-1.544500">
						<ele>30</ele>
						<time>2026-02-09T14:47:19Z</time>
					</trkpt>
					<trkpt lat="43.346760" lon="-1.544110">
						<ele>31</ele>
						<time>2026-02-09T14:47:24Z</time>
					</trkpt>
					<trkpt lat="43.346730" lon="-1.542790">
						<ele>35</ele>
						<time>2026-02-09T14:47:41Z</time>
					</trkpt>
					<trkpt lat="43.346700" lon="-1.542490">
						<ele>36</ele>
						<time>2026-02-09T14:47:45Z</time>
					</trkpt>
					<trkpt lat="43.346620" lon="-1.542100">
						<ele>37</ele>
						<time>2026-02-09T14:47:50Z</time>
					</trkpt>
					<trkpt lat="43.346400" lon="-1.541540">
						<ele>37</ele>
						<time>2026-02-09T14:47:59Z</time>
					</trkpt>
					<trkpt lat="43.345910" lon="-1.540580">
						<ele>34</ele>
						<time>2026-02-09T14:48:14Z</time>
					</trkpt>
					<trkpt lat="43.345790" lon="-1.540240">
						<ele>34</ele>
						<time>2026-02-09T14:48:19Z</time>
					</trkpt>
					<trkpt lat="43.345730" lon="-1.539970">
						<ele>34</ele>
						<time>2026-02-09T14:48:22Z</time>
					</trkpt>
					<trkpt lat="43.345680" lon="-1.539590">
						<ele>34</ele>
						<time>2026-02-09T14:48:27Z</time>
					</trkpt>
					<trkpt lat="43.345680" lon="-1.539050">
						<ele>35</ele>
						<time>2026-02-09T14:48:34Z</time>
					</trkpt>
					<trkpt lat="43.345650" lon="-1.538610">
						<ele>37</ele>
						<time>2026-02-09T14:48:40Z</time>
					</trkpt>
					<trkpt lat="43.345320" lon="-1.537210">
						<ele>39</ele>
						<time>2026-02-09T14:48:59Z</time>
					</trkpt>
					<trkpt lat="43.344960" lon="-1.534830">
						<ele>42</ele>
						<time>2026-02-09T14:49:30Z</time>
					</trkpt>
					<trkpt lat="43.344520" lon="-1.530150">
						<ele>38</ele>
						<time>2026-02-09T14:50:32Z</time>
					</trkpt>
					<trkpt lat="43.344400" lon="-1.529600">
						<ele>36</ele>
						<time>2026-02-09T14:50:39Z</time>
					</trkpt>
					<trkpt lat="43.344180" lon="-1.529090">
						<ele>35</ele>
						<time>2026-02-09T14:50:47Z</time>
					</trkpt>
					<trkpt lat="43.343600" lon="-1.528130">
						<ele>35</ele>
						<time>2026-02-09T14:51:03Z</time>
					</trkpt>
					<trkpt lat="43.343450" lon="-1.528030">
						<ele>35</ele>
						<time>2026-02-09T14:51:06Z</time>
					</trkpt>
					<trkpt lat="43.343390" lon="-1.528050">
						<ele>36</ele>
						<time>2026-02-09T14:51:07Z</time>
					</trkpt>
					<trkpt lat="43.343310" lon="-1.528030">
						<ele>36</ele>
						<time>2026-02-09T14:51:08Z</time>
					</trkpt>
					<trkpt lat="43.343230" lon="-1.527960">
						<ele>36</ele>
						<time>2026-02-09T14:51:10Z</time>
					</trkpt>
					<trkpt lat="43.343190" lon="-1.527830">
						<ele>36</ele>
						<time>2026-02-09T14:51:12Z</time>
					</trkpt>
					<trkpt lat="43.343230" lon="-1.527660">
						<ele>36</ele>
						<time>2026-02-09T14:51:14Z</time>
					</trkpt>
					<trkpt lat="43.343200" lon="-1.527410">
						<ele>36</ele>
						<time>2026-02-09T14:51:17Z</time>
					</trkpt>
					<trkpt lat="43.341670" lon="-1.524880">
						<ele>41</ele>
						<time>2026-02-09T14:52:00Z</time>
					</trkpt>
					<trkpt lat="43.341420" lon="-1.524360">
						<ele>42</ele>
						<time>2026-02-09T14:52:08Z</time>
					</trkpt>
					<trkpt lat="43.341190" lon="-1.523790">
						<ele>43</ele>
						<time>2026-02-09T14:52:17Z</time>
					</trkpt>
					<trkpt lat="43.340850" lon="-1.523110">
						<ele>42</ele>
						<time>2026-02-09T14:52:27Z</time>
					</trkpt>
					<trkpt lat="43.340770" lon="-1.523160">
						<ele>42</ele>
						<time>2026-02-09T14:52:29Z</time>
					</trkpt>
					<trkpt lat="43.340690" lon="-1.523090">
						<ele>43</ele>
						<time>2026-02-09T14:52:30Z</time>
					</trkpt>
					<trkpt lat="43.340680" lon="-1.522970">
						<ele>43</ele>
						<time>2026-02-09T14:52:32Z</time>
					</trkpt>
					<trkpt lat="43.340720" lon="-1.522900">
						<ele>42</ele>
						<time>2026-02-09T14:52:33Z</time>
					</trkpt>
					<trkpt lat="43.340750" lon="-1.522890">
						<ele>42</ele>
						<time>2026-02-09T14:52:34Z</time>
					</trkpt>
					<trkpt lat="43.340590" lon="-1.522420">
						<ele>43</ele>
						<time>2026-02-09T14:52:40Z</time>
					</trkpt>
					<trkpt lat="43.338350" lon="-1.517100">
						<ele>44</ele>
						<time>2026-02-09T14:54:00Z</time>
					</trkpt>
					<trkpt lat="43.337480" lon="-1.514970">
						<ele>47</ele>
						<time>2026-02-09T14:54:32Z</time>
					</trkpt>
					<trkpt lat="43.336430" lon="-1.511570">
						<ele>52</ele>
						<time>2026-02-09T14:55:19Z</time>
					</trkpt>
					<trkpt lat="43.336300" lon="-1.510930">
						<ele>53</ele>
						<time>2026-02-09T14:55:28Z</time>
					</trkpt>
					<trkpt lat="43.335900" lon="-1.507790">
						<ele>60</ele>
						<time>2026-02-09T14:56:09Z</time>
					</trkpt>
					<trkpt lat="43.335870" lon="-1.507370">
						<ele>62</ele>
						<time>2026-02-09T14:56:15Z</time>
					</trkpt>
					<trkpt lat="43.335890" lon="-1.507020">
						<ele>66</ele>
						<time>2026-02-09T14:56:19Z</time>
					</trkpt>
					<trkpt lat="43.336120" lon="-1.505690">
						<ele>76</ele>
						<time>2026-02-09T14:56:37Z</time>
					</trkpt>
					<trkpt lat="43.336120" lon="-1.505480">
						<ele>76</ele>
						<time>2026-02-09T14:56:40Z</time>
					</trkpt>
					<trkpt lat="43.336000" lon="-1.504740">
						<ele>76</ele>
						<time>2026-02-09T14:56:49Z</time>
					</trkpt>
					<trkpt lat="43.335800" lon="-1.504250">
						<ele>74</ele>
						<time>2026-02-09T14:56:57Z</time>
					</trkpt>
					<trkpt lat="43.335520" lon="-1.503750">
						<ele>76</ele>
						<time>2026-02-09T14:57:05Z</time>
					</trkpt>
					<trkpt lat="43.334990" lon="-1.503110">
						<ele>75</ele>
						<time>2026-02-09T14:57:17Z</time>
					</trkpt>
					<trkpt lat="43.334790" lon="-1.502820">
						<ele>76</ele>
						<time>2026-02-09T14:57:23Z</time>
					</trkpt>
					<trkpt lat="43.334600" lon="-1.502440">
						<ele>77</ele>
						<time>2026-02-09T14:57:29Z</time>
					</trkpt>
					<trkpt lat="43.333290" lon="-1.498700">
						<ele>89</ele>
						<time>2026-02-09T14:58:22Z</time>
					</trkpt>
					<trkpt lat="43.333200" lon="-1.498380">
						<ele>92</ele>
						<time>2026-02-09T14:58:27Z</time>
					</trkpt>
					<trkpt lat="43.333140" lon="-1.497930">
						<ele>93</ele>
						<time>2026-02-09T14:58:33Z</time>
					</trkpt>
					<trkpt lat="43.333120" lon="-1.497460">
						<ele>94</ele>
						<time>2026-02-09T14:58:39Z</time>
					</trkpt>
					<trkpt lat="43.333150" lon="-1.496920">
						<ele>96</ele>
						<time>2026-02-09T14:58:46Z</time>
					</trkpt>
					<trkpt lat="43.333360" lon="-1.495140">
						<ele>105</ele>
						<time>2026-02-09T14:59:09Z</time>
					</trkpt>
					<trkpt lat="43.333390" lon="-1.494330">
						<ele>104</ele>
						<time>2026-02-09T14:59:20Z</time>
					</trkpt>
					<trkpt lat="43.333140" lon="-1.490490">
						<ele>120</ele>
						<time>2026-02-09T15:00:10Z</time>
					</trkpt>
					<trkpt lat="43.333050" lon="-1.489930">
						<ele>123</ele>
						<time>2026-02-09T15:00:17Z</time>
					</trkpt>
					<trkpt lat="43.332940" lon="-1.489650">
						<ele>124</ele>
						<time>2026-02-09T15:00:21Z</time>
					</trkpt>
					<trkpt lat="43.332850" lon="-1.489520">
						<ele>125</ele>
						<time>2026-02-09T15:00:23Z</time>
					</trkpt>
					<trkpt lat="43.332770" lon="-1.489490">
						<ele>125</ele>
						<time>2026-02-09T15:00:25Z</time>
					</trkpt>
					<trkpt lat="43.332730" lon="-1.489430">
						<ele>125</ele>
						<time>2026-02-09T15:00:26Z</time>
					</trkpt>
					<trkpt lat="43.332740" lon="-1.489310">
						<ele>124</ele>
						<time>2026-02-09T15:00:27Z</time>
					</trkpt>
					<trkpt lat="43.332770" lon="-1.489260">
						<ele>124</ele>
						<time>2026-02-09T15:00:28Z</time>
					</trkpt>
					<trkpt lat="43.332890" lon="-1.488480">
						<ele>122</ele>
						<time>2026-02-09T15:00:39Z</time>
					</trkpt>
					<trkpt lat="43.333020" lon="-1.488140">
						<ele>121</ele>
						<time>2026-02-09T15:00:44Z</time>
					</trkpt>
					<trkpt lat="43.333160" lon="-1.487830">
						<ele>120</ele>
						<time>2026-02-09T15:00:48Z</time>
					</trkpt>
					<trkpt lat="43.333440" lon="-1.487380">
						<ele>117</ele>
						<time>2026-02-09T15:00:56Z</time>
					</trkpt>
					<trkpt lat="43.333610" lon="-1.487160">
						<ele>114</ele>
						<time>2026-02-09T15:01:00Z</time>
					</trkpt>
					<trkpt lat="43.334000" lon="-1.486740">
						<ele>111</ele>
						<time>2026-02-09T15:01:09Z</time>
					</trkpt>
					<trkpt lat="43.334220" lon="-1.486350">
						<ele>110</ele>
						<time>2026-02-09T15:01:15Z</time>
					</trkpt>
					<trkpt lat="43.334370" lon="-1.485930">
						<ele>111</ele>
						<time>2026-02-09T15:01:21Z</time>
					</trkpt>
					<trkpt lat="43.334450" lon="-1.485350">
						<ele>108</ele>
						<time>2026-02-09T15:01:29Z</time>
					</trkpt>
					<trkpt lat="43.334580" lon="-1.484750">
						<ele>105</ele>
						<time>2026-02-09T15:01:37Z</time>
					</trkpt>
					<trkpt lat="43.334760" lon="-1.484290">
						<ele>103</ele>
						<time>2026-02-09T15:01:44Z</time>
					</trkpt>
					<trkpt lat="43.335320" lon="-1.483280">
						<ele>98</ele>
						<time>2026-02-09T15:02:00Z</time>
					</trkpt>
					<trkpt lat="43.335560" lon="-1.482720">
						<ele>97</ele>
						<time>2026-02-09T15:02:09Z</time>
					</trkpt>
					<trkpt lat="43.335750" lon="-1.481880">
						<ele>94</ele>
						<time>2026-02-09T15:02:20Z</time>
					</trkpt>
					<trkpt lat="43.336190" lon="-1.478450">
						<ele>75</ele>
						<time>2026-02-09T15:03:05Z</time>
					</trkpt>
					<trkpt lat="43.336300" lon="-1.478010">
						<ele>74</ele>
						<time>2026-02-09T15:03:11Z</time>
					</trkpt>
					<trkpt lat="43.336360" lon="-1.477880">
						<ele>73</ele>
						<time>2026-02-09T15:03:13Z</time>
					</trkpt>
					<trkpt lat="43.336500" lon="-1.477660">
						<ele>72</ele>
						<time>2026-02-09T15:03:17Z</time>
					</trkpt>
					<trkpt lat="43.336620" lon="-1.477530">
						<ele>71</ele>
						<time>2026-02-09T15:03:20Z</time>
					</trkpt>
					<trkpt lat="43.336790" lon="-1.477400">
						<ele>70</ele>
						<time>2026-02-09T15:03:23Z</time>
					</trkpt>
					<trkpt lat="43.336970" lon="-1.477320">
						<ele>69</ele>
						<time>2026-02-09T15:03:27Z</time>
					</trkpt>
					<trkpt lat="43.337180" lon="-1.477280">
						<ele>68</ele>
						<time>2026-02-09T15:03:30Z</time>
					</trkpt>
					<trkpt lat="43.337330" lon="-1.477290">
						<ele>68</ele>
						<time>2026-02-09T15:03:33Z</time>
					</trkpt>
					<trkpt lat="43.338150" lon="-1.477530">
						<ele>66</ele>
						<time>2026-02-09T15:03:48Z</time>
					</trkpt>
					<trkpt lat="43.338650" lon="-1.477580">
						<ele>65</ele>
						<time>2026-02-09T15:03:57Z</time>
					</trkpt>
					<trkpt lat="43.338930" lon="-1.477540">
						<ele>65</ele>
						<time>2026-02-09T15:04:02Z</time>
					</trkpt>
					<trkpt lat="43.339210" lon="-1.477410">
						<ele>65</ele>
						<time>2026-02-09T15:04:07Z</time>
					</trkpt>
					<trkpt lat="43.339470" lon="-1.477250">
						<ele>67</ele>
						<time>2026-02-09T15:04:12Z</time>
					</trkpt>
					<trkpt lat="43.340020" lon="-1.476620">
						<ele>67</ele>
						<time>2026-02-09T15:04:25Z</time>
					</trkpt>
					<trkpt lat="43.340280" lon="-1.476290">
						<ele>68</ele>
						<time>2026-02-09T15:04:31Z</time>
					</trkpt>
					<trkpt lat="43.340430" lon="-1.476030">
						<ele>68</ele>
						<time>2026-02-09T15:04:35Z</time>
					</trkpt>
					<trkpt lat="43.340720" lon="-1.475420">
						<ele>66</ele>
						<time>2026-02-09T15:04:45Z</time>
					</trkpt>
					<trkpt lat="43.340690" lon="-1.475290">
						<ele>66</ele>
						<time>2026-02-09T15:04:47Z</time>
					</trkpt>
					<trkpt lat="43.340770" lon="-1.475180">
						<ele>65</ele>
						<time>2026-02-09T15:04:49Z</time>
					</trkpt>
					<trkpt lat="43.340800" lon="-1.475060">
						<ele>64</ele>
						<time>2026-02-09T15:04:50Z</time>
					</trkpt>
					<trkpt lat="43.340840" lon="-1.474670">
						<ele>64</ele>
						<time>2026-02-09T15:04:55Z</time>
					</trkpt>
					<trkpt lat="43.340840" lon="-1.474340">
						<ele>65</ele>
						<time>2026-02-09T15:05:00Z</time>
					</trkpt>
					<trkpt lat="43.340690" lon="-1.472990">
						<ele>66</ele>
						<time>2026-02-09T15:05:17Z</time>
					</trkpt>
					<trkpt lat="43.340630" lon="-1.472870">
						<ele>66</ele>
						<time>2026-02-09T15:05:19Z</time>
					</trkpt>
					<trkpt lat="43.340650" lon="-1.472730">
						<ele>65</ele>
						<time>2026-02-09T15:05:21Z</time>
					</trkpt>
					<trkpt lat="43.340740" lon="-1.472650">
						<ele>63</ele>
						<time>2026-02-09T15:05:23Z</time>
					</trkpt>
					<trkpt lat="43.340810" lon="-1.472660">
						<ele>62</ele>
						<time>2026-02-09T15:05:24Z</time>
					</trkpt>
					<trkpt lat="43.340870" lon="-1.472720">
						<ele>62</ele>
						<time>2026-02-09T15:05:26Z</time>
					</trkpt>
					<trkpt lat="43.340900" lon="-1.472820">
						<ele>63</ele>
						<time>2026-02-09T15:05:27Z</time>
					</trkpt>
					<trkpt lat="43.340890" lon="-1.472900">
						<ele>63</ele>
						<time>2026-02-09T15:05:28Z</time>
					</trkpt>
					<trkpt lat="43.340920" lon="-1.473130">
						<ele>64</ele>
						<time>2026-02-09T15:05:31Z</time>
					</trkpt>
					<trkpt lat="43.340810" lon="-1.473010">
						<ele>64</ele>
						<time>2026-02-09T15:05:34Z</time>
					</trkpt>
					<trkpt lat="43.340720" lon="-1.473010">
						<ele>65</ele>
						<time>2026-02-09T15:05:35Z</time>
					</trkpt>
					<trkpt lat="43.340660" lon="-1.472960">
						<ele>66</ele>
						<time>2026-02-09T15:05:36Z</time>
					</trkpt>
					<trkpt lat="43.340630" lon="-1.472870">
						<ele>66</ele>
						<time>2026-02-09T15:05:38Z</time>
					</trkpt>
					<trkpt lat="43.340650" lon="-1.472730">
						<ele>65</ele>
						<time>2026-02-09T15:05:40Z</time>
					</trkpt>
					<trkpt lat="43.340740" lon="-1.472650">
						<ele>63</ele>
						<time>2026-02-09T15:05:41Z</time>
					</trkpt>
					<trkpt lat="43.340810" lon="-1.472660">
						<ele>62</ele>
						<time>2026-02-09T15:05:43Z</time>
					</trkpt>
					<trkpt lat="43.340840" lon="-1.472690">
						<ele>62</ele>
						<time>2026-02-09T15:05:43Z</time>
					</trkpt>
					<trkpt lat="43.340950" lon="-1.472300">
						<ele>61</ele>
						<time>2026-02-09T15:05:49Z</time>
					</trkpt>
					<trkpt lat="43.341080" lon="-1.472130">
						<ele>61</ele>
						<time>2026-02-09T15:05:52Z</time>
					</trkpt>
					<trkpt lat="43.341250" lon="-1.471990">
						<ele>61</ele>
						<time>2026-02-09T15:05:55Z</time>
					</trkpt>
					<trkpt lat="43.342100" lon="-1.471680">
						<ele>64</ele>
						<time>2026-02-09T15:06:11Z</time>
					</trkpt>
					<trkpt lat="43.342510" lon="-1.471670">
						<ele>65</ele>
						<time>2026-02-09T15:06:18Z</time>
					</trkpt>
					<trkpt lat="43.342740" lon="-1.471730">
						<ele>68</ele>
						<time>2026-02-09T15:06:23Z</time>
					</trkpt>
					<trkpt lat="43.343010" lon="-1.471760">
						<ele>71</ele>
						<time>2026-02-09T15:06:27Z</time>
					</trkpt>
					<trkpt lat="43.343420" lon="-1.471740">
						<ele>76</ele>
						<time>2026-02-09T15:06:35Z</time>
					</trkpt>
					<trkpt lat="43.343800" lon="-1.471680">
						<ele>77</ele>
						<time>2026-02-09T15:06:42Z</time>
					</trkpt>
					<trkpt lat="43.344070" lon="-1.471610">
						<ele>77</ele>
						<time>2026-02-09T15:06:46Z</time>
					</trkpt>
					<trkpt lat="43.345350" lon="-1.471000">
						<ele>78</ele>
						<time>2026-02-09T15:07:11Z</time>
					</trkpt>
					<trkpt lat="43.345720" lon="-1.470880">
						<ele>79</ele>
						<time>2026-02-09T15:07:17Z</time>
					</trkpt>
					<trkpt lat="43.346000" lon="-1.470820">
						<ele>80</ele>
						<time>2026-02-09T15:07:22Z</time>
					</trkpt>
					<trkpt lat="43.346460" lon="-1.470910">
						<ele>82</ele>
						<time>2026-02-09T15:07:31Z</time>
					</trkpt>
					<trkpt lat="43.348280" lon="-1.471640">
						<ele>96</ele>
						<time>2026-02-09T15:08:04Z</time>
					</trkpt>
					<trkpt lat="43.348420" lon="-1.471720">
						<ele>98</ele>
						<time>2026-02-09T15:08:07Z</time>
					</trkpt>
					<trkpt lat="43.348560" lon="-1.471860">
						<ele>99</ele>
						<time>2026-02-09T15:08:10Z</time>
					</trkpt>
					<trkpt lat="43.348830" lon="-1.472320">
						<ele>106</ele>
						<time>2026-02-09T15:08:18Z</time>
					</trkpt>
					<trkpt lat="43.349000" lon="-1.472560">
						<ele>110</ele>
						<time>2026-02-09T15:08:22Z</time>
					</trkpt>
					<trkpt lat="43.349180" lon="-1.472730">
						<ele>114</ele>
						<time>2026-02-09T15:08:26Z</time>
					</trkpt>
					<trkpt lat="43.349470" lon="-1.472900">
						<ele>116</ele>
						<time>2026-02-09T15:08:32Z</time>
					</trkpt>
					<trkpt lat="43.350530" lon="-1.473280">
						<ele>117</ele>
						<time>2026-02-09T15:08:51Z</time>
					</trkpt>
					<trkpt lat="43.351570" lon="-1.473780">
						<ele>113</ele>
						<time>2026-02-09T15:09:11Z</time>
					</trkpt>
					<trkpt lat="43.351780" lon="-1.473830">
						<ele>113</ele>
						<time>2026-02-09T15:09:14Z</time>
					</trkpt>
					<trkpt lat="43.351910" lon="-1.473810">
						<ele>112</ele>
						<time>2026-02-09T15:09:17Z</time>
					</trkpt>
					<trkpt lat="43.352870" lon="-1.473550">
						<ele>109</ele>
						<time>2026-02-09T15:09:34Z</time>
					</trkpt>
					<trkpt lat="43.353720" lon="-1.473390">
						<ele>112</ele>
						<time>2026-02-09T15:09:49Z</time>
					</trkpt>
					<trkpt lat="43.353920" lon="-1.473390">
						<ele>113</ele>
						<time>2026-02-09T15:09:53Z</time>
					</trkpt>
					<trkpt lat="43.354100" lon="-1.473440">
						<ele>113</ele>
						<time>2026-02-09T15:09:56Z</time>
					</trkpt>
					<trkpt lat="43.354290" lon="-1.473580">
						<ele>114</ele>
						<time>2026-02-09T15:10:00Z</time>
					</trkpt>
					<trkpt lat="43.354500" lon="-1.473880">
						<ele>115</ele>
						<time>2026-02-09T15:10:06Z</time>
					</trkpt>
					<trkpt lat="43.354760" lon="-1.474350">
						<ele>118</ele>
						<time>2026-02-09T15:10:13Z</time>
					</trkpt>
					<trkpt lat="43.354850" lon="-1.474450">
						<ele>119</ele>
						<time>2026-02-09T15:10:15Z</time>
					</trkpt>
					<trkpt lat="43.354970" lon="-1.474500">
						<ele>120</ele>
						<time>2026-02-09T15:10:17Z</time>
					</trkpt>
					<trkpt lat="43.355100" lon="-1.474510">
						<ele>122</ele>
						<time>2026-02-09T15:10:20Z</time>
					</trkpt>
					<trkpt lat="43.355320" lon="-1.474320">
						<ele>127</ele>
						<time>2026-02-09T15:10:24Z</time>
					</trkpt>
					<trkpt lat="43.355460" lon="-1.474270">
						<ele>129</ele>
						<time>2026-02-09T15:10:27Z</time>
					</trkpt>
					<trkpt lat="43.355580" lon="-1.474280">
						<ele>131</ele>
						<time>2026-02-09T15:10:29Z</time>
					</trkpt>
					<trkpt lat="43.355830" lon="-1.474480">
						<ele>132</ele>
						<time>2026-02-09T15:10:34Z</time>
					</trkpt>
					<trkpt lat="43.356240" lon="-1.475150">
						<ele>132</ele>
						<time>2026-02-09T15:10:46Z</time>
					</trkpt>
					<trkpt lat="43.356320" lon="-1.475260">
						<ele>133</ele>
						<time>2026-02-09T15:10:48Z</time>
					</trkpt>
					<trkpt lat="43.356440" lon="-1.475320">
						<ele>135</ele>
						<time>2026-02-09T15:10:50Z</time>
					</trkpt>
					<trkpt lat="43.356580" lon="-1.475340">
						<ele>136</ele>
						<time>2026-02-09T15:10:52Z</time>
					</trkpt>
					<trkpt lat="43.356790" lon="-1.475320">
						<ele>136</ele>
						<time>2026-02-09T15:10:56Z</time>
					</trkpt>
					<trkpt lat="43.356980" lon="-1.475260">
						<ele>134</ele>
						<time>2026-02-09T15:11:00Z</time>
					</trkpt>
					<trkpt lat="43.357430" lon="-1.475050">
						<ele>130</ele>
						<time>2026-02-09T15:11:08Z</time>
					</trkpt>
					<trkpt lat="43.357970" lon="-1.474860">
						<ele>133</ele>
						<time>2026-02-09T15:11:18Z</time>
					</trkpt>
					<trkpt lat="43.358650" lon="-1.474650">
						<ele>139</ele>
						<time>2026-02-09T15:11:30Z</time>
					</trkpt>
					<trkpt lat="43.358830" lon="-1.474640">
						<ele>141</ele>
						<time>2026-02-09T15:11:34Z</time>
					</trkpt>
					<trkpt lat="43.359540" lon="-1.474850">
						<ele>144</ele>
						<time>2026-02-09T15:11:46Z</time>
					</trkpt>
					<trkpt lat="43.359730" lon="-1.474950">
						<ele>144</ele>
						<time>2026-02-09T15:11:50Z</time>
					</trkpt>
					<trkpt lat="43.360090" lon="-1.475220">
						<ele>142</ele>
						<time>2026-02-09T15:11:57Z</time>
					</trkpt>
					<trkpt lat="43.360300" lon="-1.475320">
						<ele>141</ele>
						<time>2026-02-09T15:12:01Z</time>
					</trkpt>
					<trkpt lat="43.360630" lon="-1.475390">
						<ele>139</ele>
						<time>2026-02-09T15:12:07Z</time>
					</trkpt>
					<trkpt lat="43.360830" lon="-1.475400">
						<ele>139</ele>
						<time>2026-02-09T15:12:11Z</time>
					</trkpt>
					<trkpt lat="43.361010" lon="-1.475370">
						<ele>137</ele>
						<time>2026-02-09T15:12:14Z</time>
					</trkpt>
					<trkpt lat="43.361040" lon="-1.475560">
						<ele>136</ele>
						<time>2026-02-09T15:12:17Z</time>
					</trkpt>
					<trkpt lat="43.361030" lon="-1.475700">
						<ele>135</ele>
						<time>2026-02-09T15:12:18Z</time>
					</trkpt>
					<trkpt lat="43.360330" lon="-1.477480">
						<ele>126</ele>
						<time>2026-02-09T15:12:45Z</time>
					</trkpt>
					<trkpt lat="43.360240" lon="-1.477770">
						<ele>129</ele>
						<time>2026-02-09T15:12:49Z</time>
					</trkpt>
					<trkpt lat="43.360210" lon="-1.477980">
						<ele>131</ele>
						<time>2026-02-09T15:12:51Z</time>
					</trkpt>
					<trkpt lat="43.360240" lon="-1.478230">
						<ele>132</ele>
						<time>2026-02-09T15:12:55Z</time>
					</trkpt>
					<trkpt lat="43.360550" lon="-1.479340">
						<ele>138</ele>
						<time>2026-02-09T15:13:10Z</time>
					</trkpt>
					<trkpt lat="43.360570" lon="-1.479660">
						<ele>138</ele>
						<time>2026-02-09T15:13:14Z</time>
					</trkpt>
					<trkpt lat="43.360550" lon="-1.480490">
						<ele>135</ele>
						<time>2026-02-09T15:13:25Z</time>
					</trkpt>
					<trkpt lat="43.360590" lon="-1.481600">
						<ele>135</ele>
						<time>2026-02-09T15:13:39Z</time>
					</trkpt>
					<trkpt lat="43.360560" lon="-1.481870">
						<ele>137</ele>
						<time>2026-02-09T15:13:43Z</time>
					</trkpt>
					<trkpt lat="43.360480" lon="-1.482050">
						<ele>138</ele>
						<time>2026-02-09T15:13:46Z</time>
					</trkpt>
					<trkpt lat="43.360360" lon="-1.482210">
						<ele>140</ele>
						<time>2026-02-09T15:13:49Z</time>
					</trkpt>
					<trkpt lat="43.359940" lon="-1.482610">
						<ele>146</ele>
						<time>2026-02-09T15:13:58Z</time>
					</trkpt>
					<trkpt lat="43.359580" lon="-1.483180">
						<ele>149</ele>
						<time>2026-02-09T15:14:07Z</time>
					</trkpt>
					<trkpt lat="43.359310" lon="-1.483760">
						<ele>152</ele>
						<time>2026-02-09T15:14:16Z</time>
					</trkpt>
					<trkpt lat="43.359220" lon="-1.484050">
						<ele>154</ele>
						<time>2026-02-09T15:14:20Z</time>
					</trkpt>
					<trkpt lat="43.359120" lon="-1.484600">
						<ele>158</ele>
						<time>2026-02-09T15:14:28Z</time>
					</trkpt>
					<trkpt lat="43.359110" lon="-1.485070">
						<ele>161</ele>
						<time>2026-02-09T15:14:34Z</time>
					</trkpt>
					<trkpt lat="43.359150" lon="-1.485450">
						<ele>161</ele>
						<time>2026-02-09T15:14:39Z</time>
					</trkpt>
					<trkpt lat="43.359360" lon="-1.486310">
						<ele>154</ele>
						<time>2026-02-09T15:14:51Z</time>
					</trkpt>
					<trkpt lat="43.359360" lon="-1.486870">
						<ele>148</ele>
						<time>2026-02-09T15:14:58Z</time>
					</trkpt>
					<trkpt lat="43.359300" lon="-1.487240">
						<ele>145</ele>
						<time>2026-02-09T15:15:03Z</time>
					</trkpt>
					<trkpt lat="43.359210" lon="-1.487490">
						<ele>144</ele>
						<time>2026-02-09T15:15:06Z</time>
					</trkpt>
					<trkpt lat="43.359010" lon="-1.487850">
						<ele>138</ele>
						<time>2026-02-09T15:15:12Z</time>
					</trkpt>
					<trkpt lat="43.358710" lon="-1.488260">
						<ele>133</ele>
						<time>2026-02-09T15:15:20Z</time>
					</trkpt>
					<trkpt lat="43.358240" lon="-1.488780">
						<ele>131</ele>
						<time>2026-02-09T15:15:30Z</time>
					</trkpt>
					<trkpt lat="43.357760" lon="-1.489400">
						<ele>134</ele>
						<time>2026-02-09T15:15:42Z</time>
					</trkpt>
					<trkpt lat="43.357430" lon="-1.489930">
						<ele>139</ele>
						<time>2026-02-09T15:15:51Z</time>
					</trkpt>
					<trkpt lat="43.357250" lon="-1.490170">
						<ele>137</ele>
						<time>2026-02-09T15:15:56Z</time>
					</trkpt>
					<trkpt lat="43.356830" lon="-1.490540">
						<ele>131</ele>
						<time>2026-02-09T15:16:05Z</time>
					</trkpt>
					<trkpt lat="43.355580" lon="-1.491500">
						<ele>122</ele>
						<time>2026-02-09T15:16:30Z</time>
					</trkpt>
					<trkpt lat="43.355410" lon="-1.491740">
						<ele>122</ele>
						<time>2026-02-09T15:16:34Z</time>
					</trkpt>
					<trkpt lat="43.355370" lon="-1.491970">
						<ele>122</ele>
						<time>2026-02-09T15:16:37Z</time>
					</trkpt>
					<trkpt lat="43.355380" lon="-1.492280">
						<ele>122</ele>
						<time>2026-02-09T15:16:41Z</time>
					</trkpt>
					<trkpt lat="43.355450" lon="-1.492520">
						<ele>122</ele>
						<time>2026-02-09T15:16:45Z</time>
					</trkpt>
					<trkpt lat="43.355760" lon="-1.493270">
						<ele>126</ele>
						<time>2026-02-09T15:16:56Z</time>
					</trkpt>
					<trkpt lat="43.355830" lon="-1.493490">
						<ele>127</ele>
						<time>2026-02-09T15:16:59Z</time>
					</trkpt>
					<trkpt lat="43.355860" lon="-1.493760">
						<ele>126</ele>
						<time>2026-02-09T15:17:03Z</time>
					</trkpt>
					<trkpt lat="43.355860" lon="-1.494150">
						<ele>125</ele>
						<time>2026-02-09T15:17:08Z</time>
					</trkpt>
					<trkpt lat="43.355800" lon="-1.494520">
						<ele>124</ele>
						<time>2026-02-09T15:17:12Z</time>
					</trkpt>
					<trkpt lat="43.355690" lon="-1.494880">
						<ele>122</ele>
						<time>2026-02-09T15:17:18Z</time>
					</trkpt>
					<trkpt lat="43.355520" lon="-1.495370">
						<ele>122</ele>
						<time>2026-02-09T15:17:25Z</time>
					</trkpt>
					<trkpt lat="43.355030" lon="-1.496540">
						<ele>129</ele>
						<time>2026-02-09T15:17:42Z</time>
					</trkpt>
					<trkpt lat="43.354850" lon="-1.497070">
						<ele>131</ele>
						<time>2026-02-09T15:17:50Z</time>
					</trkpt>
					<trkpt lat="43.354810" lon="-1.497410">
						<ele>131</ele>
						<time>2026-02-09T15:17:54Z</time>
					</trkpt>
					<trkpt lat="43.354810" lon="-1.498020">
						<ele>129</ele>
						<time>2026-02-09T15:18:02Z</time>
					</trkpt>
					<trkpt lat="43.354780" lon="-1.498420">
						<ele>127</ele>
						<time>2026-02-09T15:18:07Z</time>
					</trkpt>
					<trkpt lat="43.354380" lon="-1.500560">
						<ele>107</ele>
						<time>2026-02-09T15:18:36Z</time>
					</trkpt>
					<trkpt lat="43.354280" lon="-1.500910">
						<ele>105</ele>
						<time>2026-02-09T15:18:41Z</time>
					</trkpt>
					<trkpt lat="43.354280" lon="-1.501270">
						<ele>106</ele>
						<time>2026-02-09T15:18:45Z</time>
					</trkpt>
					<trkpt lat="43.354480" lon="-1.502840">
						<ele>105</ele>
						<time>2026-02-09T15:19:06Z</time>
					</trkpt>
					<trkpt lat="43.354830" lon="-1.504170">
						<ele>108</ele>
						<time>2026-02-09T15:19:24Z</time>
					</trkpt>
					<trkpt lat="43.354920" lon="-1.504900">
						<ele>110</ele>
						<time>2026-02-09T15:19:34Z</time>
					</trkpt>
					<trkpt lat="43.354890" lon="-1.505570">
						<ele>112</ele>
						<time>2026-02-09T15:19:42Z</time>
					</trkpt>
					<trkpt lat="43.354750" lon="-1.507130">
						<ele>110</ele>
						<time>2026-02-09T15:20:03Z</time>
					</trkpt>
					<trkpt lat="43.354720" lon="-1.507790">
						<ele>111</ele>
						<time>2026-02-09T15:20:11Z</time>
					</trkpt>
					<trkpt lat="43.354760" lon="-1.508090">
						<ele>112</ele>
						<time>2026-02-09T15:20:15Z</time>
					</trkpt>
					<trkpt lat="43.354920" lon="-1.508660">
						<ele>115</ele>
						<time>2026-02-09T15:20:23Z</time>
					</trkpt>
					<trkpt lat="43.355040" lon="-1.508910">
						<ele>116</ele>
						<time>2026-02-09T15:20:27Z</time>
					</trkpt>
					<trkpt lat="43.355210" lon="-1.509090">
						<ele>115</ele>
						<time>2026-02-09T15:20:31Z</time>
					</trkpt>
					<trkpt lat="43.355370" lon="-1.509210">
						<ele>114</ele>
						<time>2026-02-09T15:20:34Z</time>
					</trkpt>
					<trkpt lat="43.355950" lon="-1.509470">
						<ele>109</ele>
						<time>2026-02-09T15:20:45Z</time>
					</trkpt>
					<trkpt lat="43.356140" lon="-1.509580">
						<ele>107</ele>
						<time>2026-02-09T15:20:49Z</time>
					</trkpt>
					<trkpt lat="43.356350" lon="-1.509770">
						<ele>106</ele>
						<time>2026-02-09T15:20:53Z</time>
					</trkpt>
					<trkpt lat="43.356620" lon="-1.510100">
						<ele>106</ele>
						<time>2026-02-09T15:21:00Z</time>
					</trkpt>
					<trkpt lat="43.356750" lon="-1.510300">
						<ele>106</ele>
						<time>2026-02-09T15:21:03Z</time>
					</trkpt>
					<trkpt lat="43.357890" lon="-1.512760">
						<ele>112</ele>
						<time>2026-02-09T15:21:41Z</time>
					</trkpt>
					<trkpt lat="43.357960" lon="-1.513090">
						<ele>110</ele>
						<time>2026-02-09T15:21:45Z</time>
					</trkpt>
					<trkpt lat="43.357980" lon="-1.513410">
						<ele>108</ele>
						<time>2026-02-09T15:21:49Z</time>
					</trkpt>
					<trkpt lat="43.358090" lon="-1.513560">
						<ele>107</ele>
						<time>2026-02-09T15:21:52Z</time>
					</trkpt>
					<trkpt lat="43.358330" lon="-1.513310">
						<ele>112</ele>
						<time>2026-02-09T15:21:57Z</time>
					</trkpt>
					<trkpt lat="43.358550" lon="-1.513260">
						<ele>113</ele>
						<time>2026-02-09T15:22:01Z</time>
					</trkpt>
					<trkpt lat="43.358720" lon="-1.513340">
						<ele>114</ele>
						<time>2026-02-09T15:22:05Z</time>
					</trkpt>
					<trkpt lat="43.359260" lon="-1.513770">
						<ele>113</ele>
						<time>2026-02-09T15:22:16Z</time>
					</trkpt>
					<trkpt lat="43.359470" lon="-1.513760">
						<ele>114</ele>
						<time>2026-02-09T15:22:19Z</time>
					</trkpt>
					<trkpt lat="43.360120" lon="-1.513500">
						<ele>117</ele>
						<time>2026-02-09T15:22:32Z</time>
					</trkpt>
					<trkpt lat="43.360290" lon="-1.513500">
						<ele>117</ele>
						<time>2026-02-09T15:22:35Z</time>
					</trkpt>
					<trkpt lat="43.360420" lon="-1.513580">
						<ele>116</ele>
						<time>2026-02-09T15:22:37Z</time>
					</trkpt>
					<trkpt lat="43.361580" lon="-1.514540">
						<ele>106</ele>
						<time>2026-02-09T15:23:01Z</time>
					</trkpt>
					<trkpt lat="43.362110" lon="-1.515020">
						<ele>105</ele>
						<time>2026-02-09T15:23:12Z</time>
					</trkpt>
					<trkpt lat="43.363170" lon="-1.516150">
						<ele>112</ele>
						<time>2026-02-09T15:23:36Z</time>
					</trkpt>
					<trkpt lat="43.363500" lon="-1.516600">
						<ele>114</ele>
						<time>2026-02-09T15:23:45Z</time>
					</trkpt>
					<trkpt lat="43.363760" lon="-1.517050">
						<ele>114</ele>
						<time>2026-02-09T15:23:52Z</time>
					</trkpt>
					<trkpt lat="43.363950" lon="-1.517410">
						<ele>115</ele>
						<time>2026-02-09T15:23:58Z</time>
					</trkpt>
					<trkpt lat="43.364550" lon="-1.518700">
						<ele>125</ele>
						<time>2026-02-09T15:24:18Z</time>
					</trkpt>
					<trkpt lat="43.364740" lon="-1.519040">
						<ele>128</ele>
						<time>2026-02-09T15:24:23Z</time>
					</trkpt>
					<trkpt lat="43.364900" lon="-1.519250">
						<ele>129</ele>
						<time>2026-02-09T15:24:27Z</time>
					</trkpt>
					<trkpt lat="43.365470" lon="-1.519890">
						<ele>134</ele>
						<time>2026-02-09T15:24:40Z</time>
					</trkpt>
					<trkpt lat="43.365560" lon="-1.520040">
						<ele>135</ele>
						<time>2026-02-09T15:24:43Z</time>
					</trkpt>
					<trkpt lat="43.365600" lon="-1.520270">
						<ele>136</ele>
						<time>2026-02-09T15:24:46Z</time>
					</trkpt>
					<trkpt lat="43.365590" lon="-1.520540">
						<ele>136</ele>
						<time>2026-02-09T15:24:49Z</time>
					</trkpt>
					<trkpt lat="43.365510" lon="-1.521110">
						<ele>135</ele>
						<time>2026-02-09T15:24:57Z</time>
					</trkpt>
					<trkpt lat="43.365260" lon="-1.522330">
						<ele>133</ele>
						<time>2026-02-09T15:25:13Z</time>
					</trkpt>
					<trkpt lat="43.365230" lon="-1.522740">
						<ele>133</ele>
						<time>2026-02-09T15:25:18Z</time>
					</trkpt>
					<trkpt lat="43.365340" lon="-1.522760">
						<ele>133</ele>
						<time>2026-02-09T15:25:20Z</time>
					</trkpt>
					<trkpt lat="43.365560" lon="-1.522960">
						<ele>134</ele>
						<time>2026-02-09T15:25:25Z</time>
					</trkpt>
					<trkpt lat="43.365910" lon="-1.523780">
						<ele>132</ele>
						<time>2026-02-09T15:25:37Z</time>
					</trkpt>
					<trkpt lat="43.365990" lon="-1.523910">
						<ele>132</ele>
						<time>2026-02-09T15:25:40Z</time>
					</trkpt>
					<trkpt lat="43.366090" lon="-1.523970">
						<ele>132</ele>
						<time>2026-02-09T15:25:42Z</time>
					</trkpt>
					<trkpt lat="43.366210" lon="-1.524000">
						<ele>133</ele>
						<time>2026-02-09T15:25:44Z</time>
					</trkpt>
					<trkpt lat="43.366310" lon="-1.523980">
						<ele>134</ele>
						<time>2026-02-09T15:25:46Z</time>
					</trkpt>
					<trkpt lat="43.366410" lon="-1.523910">
						<ele>135</ele>
						<time>2026-02-09T15:25:48Z</time>
					</trkpt>
					<trkpt lat="43.366560" lon="-1.523740">
						<ele>137</ele>
						<time>2026-02-09T15:25:51Z</time>
					</trkpt>
					<trkpt lat="43.366690" lon="-1.523680">
						<ele>138</ele>
						<time>2026-02-09T15:25:53Z</time>
					</trkpt>
					<trkpt lat="43.367020" lon="-1.523630">
						<ele>137</ele>
						<time>2026-02-09T15:25:59Z</time>
					</trkpt>
					<trkpt lat="43.367170" lon="-1.523560">
						<ele>137</ele>
						<time>2026-02-09T15:26:02Z</time>
					</trkpt>
					<trkpt lat="43.367560" lon="-1.523270">
						<ele>140</ele>
						<time>2026-02-09T15:26:10Z</time>
					</trkpt>
					<trkpt lat="43.367650" lon="-1.523250">
						<ele>142</ele>
						<time>2026-02-09T15:26:12Z</time>
					</trkpt>
					<trkpt lat="43.367740" lon="-1.523280">
						<ele>142</ele>
						<time>2026-02-09T15:26:13Z</time>
					</trkpt>
					<trkpt lat="43.367880" lon="-1.523490">
						<ele>142</ele>
						<time>2026-02-09T15:26:17Z</time>
					</trkpt>
					<trkpt lat="43.367990" lon="-1.523940">
						<ele>140</ele>
						<time>2026-02-09T15:26:23Z</time>
					</trkpt>
					<trkpt lat="43.368180" lon="-1.524340">
						<ele>140</ele>
						<time>2026-02-09T15:26:29Z</time>
					</trkpt>
					<trkpt lat="43.368310" lon="-1.524750">
						<ele>140</ele>
						<time>2026-02-09T15:26:35Z</time>
					</trkpt>
					<trkpt lat="43.368410" lon="-1.525430">
						<ele>141</ele>
						<time>2026-02-09T15:26:44Z</time>
					</trkpt>
					<trkpt lat="43.368340" lon="-1.525840">
						<ele>140</ele>
						<time>2026-02-09T15:26:50Z</time>
					</trkpt>
					<trkpt lat="43.368340" lon="-1.526150">
						<ele>139</ele>
						<time>2026-02-09T15:26:54Z</time>
					</trkpt>
					<trkpt lat="43.368410" lon="-1.526300">
						<ele>139</ele>
						<time>2026-02-09T15:26:56Z</time>
					</trkpt>
					<trkpt lat="43.368530" lon="-1.526450">
						<ele>139</ele>
						<time>2026-02-09T15:26:59Z</time>
					</trkpt>
					<trkpt lat="43.368670" lon="-1.526540">
						<ele>139</ele>
						<time>2026-02-09T15:27:01Z</time>
					</trkpt>
					<trkpt lat="43.368830" lon="-1.526570">
						<ele>139</ele>
						<time>2026-02-09T15:27:04Z</time>
					</trkpt>
					<trkpt lat="43.369080" lon="-1.526520">
						<ele>141</ele>
						<time>2026-02-09T15:27:09Z</time>
					</trkpt>
					<trkpt lat="43.369530" lon="-1.526050">
						<ele>142</ele>
						<time>2026-02-09T15:27:19Z</time>
					</trkpt>
					<trkpt lat="43.370060" lon="-1.525820">
						<ele>141</ele>
						<time>2026-02-09T15:27:29Z</time>
					</trkpt>
					<trkpt lat="43.370310" lon="-1.525630">
						<ele>141</ele>
						<time>2026-02-09T15:27:34Z</time>
					</trkpt>
					<trkpt lat="43.370460" lon="-1.525460">
						<ele>141</ele>
						<time>2026-02-09T15:27:37Z</time>
					</trkpt>
					<trkpt lat="43.370580" lon="-1.525240">
						<ele>141</ele>
						<time>2026-02-09T15:27:41Z</time>
					</trkpt>
					<trkpt lat="43.370650" lon="-1.524970">
						<ele>141</ele>
						<time>2026-02-09T15:27:45Z</time>
					</trkpt>
					<trkpt lat="43.370690" lon="-1.524550">
						<ele>141</ele>
						<time>2026-02-09T15:27:50Z</time>
					</trkpt>
					<trkpt lat="43.370720" lon="-1.523610">
						<ele>143</ele>
						<time>2026-02-09T15:28:02Z</time>
					</trkpt>
					<trkpt lat="43.370790" lon="-1.523410">
						<ele>143</ele>
						<time>2026-02-09T15:28:05Z</time>
					</trkpt>
					<trkpt lat="43.370890" lon="-1.523310">
						<ele>142</ele>
						<time>2026-02-09T15:28:07Z</time>
					</trkpt>
					<trkpt lat="43.371250" lon="-1.523150">
						<ele>138</ele>
						<time>2026-02-09T15:28:14Z</time>
					</trkpt>
					<trkpt lat="43.371470" lon="-1.523010">
						<ele>136</ele>
						<time>2026-02-09T15:28:18Z</time>
					</trkpt>
					<trkpt lat="43.371790" lon="-1.522750">
						<ele>134</ele>
						<time>2026-02-09T15:28:25Z</time>
					</trkpt>
					<trkpt lat="43.372360" lon="-1.522080">
						<ele>137</ele>
						<time>2026-02-09T15:28:38Z</time>
					</trkpt>
					<trkpt lat="43.372570" lon="-1.521770">
						<ele>139</ele>
						<time>2026-02-09T15:28:44Z</time>
					</trkpt>
					<trkpt lat="43.372720" lon="-1.521490">
						<ele>139</ele>
						<time>2026-02-09T15:28:48Z</time>
					</trkpt>
					<trkpt lat="43.372840" lon="-1.521180">
						<ele>138</ele>
						<time>2026-02-09T15:28:53Z</time>
					</trkpt>
					<trkpt lat="43.372880" lon="-1.521010">
						<ele>138</ele>
						<time>2026-02-09T15:28:55Z</time>
					</trkpt>
					<trkpt lat="43.372900" lon="-1.520810">
						<ele>138</ele>
						<time>2026-02-09T15:28:58Z</time>
					</trkpt>
					<trkpt lat="43.372870" lon="-1.520540">
						<ele>137</ele>
						<time>2026-02-09T15:29:01Z</time>
					</trkpt>
					<trkpt lat="43.372580" lon="-1.519330">
						<ele>139</ele>
						<time>2026-02-09T15:29:18Z</time>
					</trkpt>
					<trkpt lat="43.372390" lon="-1.518870">
						<ele>140</ele>
						<time>2026-02-09T15:29:25Z</time>
					</trkpt>
					<trkpt lat="43.372280" lon="-1.518440">
						<ele>139</ele>
						<time>2026-02-09T15:29:31Z</time>
					</trkpt>
					<trkpt lat="43.372290" lon="-1.517990">
						<ele>139</ele>
						<time>2026-02-09T15:29:36Z</time>
					</trkpt>
					<trkpt lat="43.372490" lon="-1.517220">
						<ele>139</ele>
						<time>2026-02-09T15:29:47Z</time>
					</trkpt>
					<trkpt lat="43.372630" lon="-1.516840">
						<ele>138</ele>
						<time>2026-02-09T15:29:52Z</time>
					</trkpt>
					<trkpt lat="43.372800" lon="-1.516560">
						<ele>137</ele>
						<time>2026-02-09T15:29:57Z</time>
					</trkpt>
					<trkpt lat="43.373000" lon="-1.516410">
						<ele>137</ele>
						<time>2026-02-09T15:30:01Z</time>
					</trkpt>
					<trkpt lat="43.373850" lon="-1.516100">
						<ele>134</ele>
						<time>2026-02-09T15:30:17Z</time>
					</trkpt>
					<trkpt lat="43.374010" lon="-1.516020">
						<ele>134</ele>
						<time>2026-02-09T15:30:20Z</time>
					</trkpt>
					<trkpt lat="43.374120" lon="-1.515870">
						<ele>135</ele>
						<time>2026-02-09T15:30:23Z</time>
					</trkpt>
					<trkpt lat="43.374230" lon="-1.515650">
						<ele>134</ele>
						<time>2026-02-09T15:30:26Z</time>
					</trkpt>
					<trkpt lat="43.374280" lon="-1.515390">
						<ele>134</ele>
						<time>2026-02-09T15:30:30Z</time>
					</trkpt>
					<trkpt lat="43.374530" lon="-1.513250">
						<ele>131</ele>
						<time>2026-02-09T15:30:58Z</time>
					</trkpt>
					<trkpt lat="43.374550" lon="-1.512540">
						<ele>132</ele>
						<time>2026-02-09T15:31:07Z</time>
					</trkpt>
					<trkpt lat="43.374630" lon="-1.512230">
						<ele>132</ele>
						<time>2026-02-09T15:31:11Z</time>
					</trkpt>
					<trkpt lat="43.374990" lon="-1.511570">
						<ele>135</ele>
						<time>2026-02-09T15:31:22Z</time>
					</trkpt>
					<trkpt lat="43.375080" lon="-1.511460">
						<ele>136</ele>
						<time>2026-02-09T15:31:24Z</time>
					</trkpt>
					<trkpt lat="43.375230" lon="-1.511350">
						<ele>136</ele>
						<time>2026-02-09T15:31:27Z</time>
					</trkpt>
					<trkpt lat="43.375440" lon="-1.511290">
						<ele>136</ele>
						<time>2026-02-09T15:31:31Z</time>
					</trkpt>
					<trkpt lat="43.375760" lon="-1.511280">
						<ele>136</ele>
						<time>2026-02-09T15:31:36Z</time>
					</trkpt>
					<trkpt lat="43.375970" lon="-1.511320">
						<ele>136</ele>
						<time>2026-02-09T15:31:40Z</time>
					</trkpt>
					<trkpt lat="43.376410" lon="-1.511530">
						<ele>135</ele>
						<time>2026-02-09T15:31:48Z</time>
					</trkpt>
					<trkpt lat="43.376540" lon="-1.511540">
						<ele>135</ele>
						<time>2026-02-09T15:31:51Z</time>
					</trkpt>
					<trkpt lat="43.376660" lon="-1.511510">
						<ele>136</ele>
						<time>2026-02-09T15:31:53Z</time>
					</trkpt>
					<trkpt lat="43.376800" lon="-1.511430">
						<ele>136</ele>
						<time>2026-02-09T15:31:56Z</time>
					</trkpt>
					<trkpt lat="43.376940" lon="-1.511270">
						<ele>136</ele>
						<time>2026-02-09T15:31:59Z</time>
					</trkpt>
					<trkpt lat="43.377050" lon="-1.511060">
						<ele>137</ele>
						<time>2026-02-09T15:32:02Z</time>
					</trkpt>
					<trkpt lat="43.377240" lon="-1.510500">
						<ele>137</ele>
						<time>2026-02-09T15:32:10Z</time>
					</trkpt>
					<trkpt lat="43.377370" lon="-1.510260">
						<ele>136</ele>
						<time>2026-02-09T15:32:14Z</time>
					</trkpt>
					<trkpt lat="43.377680" lon="-1.509960">
						<ele>135</ele>
						<time>2026-02-09T15:32:21Z</time>
					</trkpt>
					<trkpt lat="43.377870" lon="-1.509590">
						<ele>134</ele>
						<time>2026-02-09T15:32:27Z</time>
					</trkpt>
					<trkpt lat="43.378390" lon="-1.508470">
						<ele>132</ele>
						<time>2026-02-09T15:32:44Z</time>
					</trkpt>
					<trkpt lat="43.378480" lon="-1.508180">
						<ele>132</ele>
						<time>2026-02-09T15:32:48Z</time>
					</trkpt>
					<trkpt lat="43.378590" lon="-1.506640">
						<ele>128</ele>
						<time>2026-02-09T15:33:08Z</time>
					</trkpt>
					<trkpt lat="43.378720" lon="-1.505950">
						<ele>128</ele>
						<time>2026-02-09T15:33:17Z</time>
					</trkpt>
					<trkpt lat="43.378750" lon="-1.505300">
						<ele>128</ele>
						<time>2026-02-09T15:33:26Z</time>
					</trkpt>
					<trkpt lat="43.378680" lon="-1.504660">
						<ele>127</ele>
						<time>2026-02-09T15:33:34Z</time>
					</trkpt>
					<trkpt lat="43.378710" lon="-1.504500">
						<ele>127</ele>
						<time>2026-02-09T15:33:36Z</time>
					</trkpt>
					<trkpt lat="43.378790" lon="-1.504400">
						<ele>128</ele>
						<time>2026-02-09T15:33:38Z</time>
					</trkpt>
					<trkpt lat="43.378900" lon="-1.504370">
						<ele>128</ele>
						<time>2026-02-09T15:33:40Z</time>
					</trkpt>
					<trkpt lat="43.379070" lon="-1.504380">
						<ele>129</ele>
						<time>2026-02-09T15:33:43Z</time>
					</trkpt>
					<trkpt lat="43.379340" lon="-1.504530">
						<ele>129</ele>
						<time>2026-02-09T15:33:48Z</time>
					</trkpt>
					<trkpt lat="43.379480" lon="-1.504560">
						<ele>129</ele>
						<time>2026-02-09T15:33:51Z</time>
					</trkpt>
					<trkpt lat="43.379630" lon="-1.504520">
						<ele>129</ele>
						<time>2026-02-09T15:33:53Z</time>
					</trkpt>
					<trkpt lat="43.379970" lon="-1.504370">
						<ele>128</ele>
						<time>2026-02-09T15:34:00Z</time>
					</trkpt>
					<trkpt lat="43.380180" lon="-1.504330">
						<ele>128</ele>
						<time>2026-02-09T15:34:04Z</time>
					</trkpt>
					<trkpt lat="43.381250" lon="-1.504300">
						<ele>127</ele>
						<time>2026-02-09T15:34:23Z</time>
					</trkpt>
					<trkpt lat="43.381510" lon="-1.504320">
						<ele>127</ele>
						<time>2026-02-09T15:34:27Z</time>
					</trkpt>
					<trkpt lat="43.382600" lon="-1.504580">
						<ele>127</ele>
						<time>2026-02-09T15:34:47Z</time>
					</trkpt>
					<trkpt lat="43.382670" lon="-1.504420">
						<ele>127</ele>
						<time>2026-02-09T15:34:49Z</time>
					</trkpt>
					<trkpt lat="43.382990" lon="-1.503880">
						<ele>126</ele>
						<time>2026-02-09T15:34:58Z</time>
					</trkpt>
					<trkpt lat="43.382670" lon="-1.504420">
						<ele>127</ele>
						<time>2026-02-09T15:35:07Z</time>
					</trkpt>
					<trkpt lat="43.382600" lon="-1.504580">
						<ele>127</ele>
						<time>2026-02-09T15:35:10Z</time>
					</trkpt>
					<trkpt lat="43.383070" lon="-1.504710">
						<ele>127</ele>
						<time>2026-02-09T15:35:18Z</time>
					</trkpt>
					<trkpt lat="43.384270" lon="-1.505350">
						<ele>125</ele>
						<time>2026-02-09T15:35:41Z</time>
					</trkpt>
					<trkpt lat="43.385040" lon="-1.505790">
						<ele>126</ele>
						<time>2026-02-09T15:35:56Z</time>
					</trkpt>
					<trkpt lat="43.385260" lon="-1.505860">
						<ele>126</ele>
						<time>2026-02-09T15:36:00Z</time>
					</trkpt>
					<trkpt lat="43.385410" lon="-1.505860">
						<ele>125</ele>
						<time>2026-02-09T15:36:03Z</time>
					</trkpt>
					<trkpt lat="43.385750" lon="-1.505780">
						<ele>123</ele>
						<time>2026-02-09T15:36:09Z</time>
					</trkpt>
					<trkpt lat="43.385970" lon="-1.505750">
						<ele>121</ele>
						<time>2026-02-09T15:36:13Z</time>
					</trkpt>
					<trkpt lat="43.386110" lon="-1.505760">
						<ele>121</ele>
						<time>2026-02-09T15:36:15Z</time>
					</trkpt>
					<trkpt lat="43.386290" lon="-1.505860">
						<ele>121</ele>
						<time>2026-02-09T15:36:19Z</time>
					</trkpt>
					<trkpt lat="43.386730" lon="-1.506170">
						<ele>121</ele>
						<time>2026-02-09T15:36:28Z</time>
					</trkpt>
					<trkpt lat="43.387320" lon="-1.506390">
						<ele>119</ele>
						<time>2026-02-09T15:36:38Z</time>
					</trkpt>
					<trkpt lat="43.387520" lon="-1.506520">
						<ele>119</ele>
						<time>2026-02-09T15:36:42Z</time>
					</trkpt>
					<trkpt lat="43.387790" lon="-1.506900">
						<ele>118</ele>
						<time>2026-02-09T15:36:49Z</time>
					</trkpt>
					<trkpt lat="43.388840" lon="-1.508710">
						<ele>106</ele>
						<time>2026-02-09T15:37:19Z</time>
					</trkpt>
					<trkpt lat="43.388970" lon="-1.508850">
						<ele>106</ele>
						<time>2026-02-09T15:37:22Z</time>
					</trkpt>
					<trkpt lat="43.389130" lon="-1.508970">
						<ele>105</ele>
						<time>2026-02-09T15:37:25Z</time>
					</trkpt>
					<trkpt lat="43.389940" lon="-1.509220">
						<ele>104</ele>
						<time>2026-02-09T15:37:40Z</time>
					</trkpt>
					<trkpt lat="43.390350" lon="-1.509300">
						<ele>104</ele>
						<time>2026-02-09T15:37:48Z</time>
					</trkpt>
					<trkpt lat="43.391430" lon="-1.509260">
						<ele>105</ele>
						<time>2026-02-09T15:38:07Z</time>
					</trkpt>
					<trkpt lat="43.392580" lon="-1.509280">
						<ele>101</ele>
						<time>2026-02-09T15:38:27Z</time>
					</trkpt>
					<trkpt lat="43.393670" lon="-1.509340">
						<ele>97</ele>
						<time>2026-02-09T15:38:47Z</time>
					</trkpt>
					<trkpt lat="43.395440" lon="-1.508800">
						<ele>93</ele>
						<time>2026-02-09T15:39:19Z</time>
					</trkpt>
					<trkpt lat="43.395600" lon="-1.508710">
						<ele>93</ele>
						<time>2026-02-09T15:39:22Z</time>
					</trkpt>
					<trkpt lat="43.396730" lon="-1.507800">
						<ele>92</ele>
						<time>2026-02-09T15:39:45Z</time>
					</trkpt>
					<trkpt lat="43.397540" lon="-1.506930">
						<ele>89</ele>
						<time>2026-02-09T15:40:04Z</time>
					</trkpt>
					<trkpt lat="43.398300" lon="-1.506260">
						<ele>86</ele>
						<time>2026-02-09T15:40:20Z</time>
					</trkpt>
					<trkpt lat="43.398470" lon="-1.506130">
						<ele>86</ele>
						<time>2026-02-09T15:40:23Z</time>
					</trkpt>
					<trkpt lat="43.398630" lon="-1.506050">
						<ele>86</ele>
						<time>2026-02-09T15:40:26Z</time>
					</trkpt>
					<trkpt lat="43.398910" lon="-1.505990">
						<ele>86</ele>
						<time>2026-02-09T15:40:31Z</time>
					</trkpt>
					<trkpt lat="43.399090" lon="-1.506000">
						<ele>85</ele>
						<time>2026-02-09T15:40:34Z</time>
					</trkpt>
					<trkpt lat="43.399250" lon="-1.506040">
						<ele>84</ele>
						<time>2026-02-09T15:40:37Z</time>
					</trkpt>
					<trkpt lat="43.399430" lon="-1.506140">
						<ele>84</ele>
						<time>2026-02-09T15:40:41Z</time>
					</trkpt>
					<trkpt lat="43.401250" lon="-1.507410">
						<ele>83</ele>
						<time>2026-02-09T15:41:17Z</time>
					</trkpt>
					<trkpt lat="43.401350" lon="-1.507440">
						<ele>84</ele>
						<time>2026-02-09T15:41:19Z</time>
					</trkpt>
					<trkpt lat="43.401540" lon="-1.507430">
						<ele>84</ele>
						<time>2026-02-09T15:41:22Z</time>
					</trkpt>
					<trkpt lat="43.402230" lon="-1.506870">
						<ele>86</ele>
						<time>2026-02-09T15:41:36Z</time>
					</trkpt>
					<trkpt lat="43.402690" lon="-1.506540">
						<ele>86</ele>
						<time>2026-02-09T15:41:46Z</time>
					</trkpt>
					<trkpt lat="43.402810" lon="-1.506380">
						<ele>87</ele>
						<time>2026-02-09T15:41:49Z</time>
					</trkpt>
					<trkpt lat="43.402900" lon="-1.506190">
						<ele>87</ele>
						<time>2026-02-09T15:41:52Z</time>
					</trkpt>
					<trkpt lat="43.403300" lon="-1.505050">
						<ele>93</ele>
						<time>2026-02-09T15:42:08Z</time>
					</trkpt>
					<trkpt lat="43.403390" lon="-1.504880">
						<ele>93</ele>
						<time>2026-02-09T15:42:11Z</time>
					</trkpt>
					<trkpt lat="43.403600" lon="-1.504620">
						<ele>93</ele>
						<time>2026-02-09T15:42:16Z</time>
					</trkpt>
					<trkpt lat="43.404000" lon="-1.504270">
						<ele>93</ele>
						<time>2026-02-09T15:42:24Z</time>
					</trkpt>
					<trkpt lat="43.404110" lon="-1.504230">
						<ele>93</ele>
						<time>2026-02-09T15:42:26Z</time>
					</trkpt>
					<trkpt lat="43.404210" lon="-1.504210">
						<ele>93</ele>
						<time>2026-02-09T15:42:28Z</time>
					</trkpt>
					<trkpt lat="43.404310" lon="-1.504240">
						<ele>92</ele>
						<time>2026-02-09T15:42:30Z</time>
					</trkpt>
					<trkpt lat="43.404740" lon="-1.504750">
						<ele>89</ele>
						<time>2026-02-09T15:42:40Z</time>
					</trkpt>
					<trkpt lat="43.404860" lon="-1.504800">
						<ele>89</ele>
						<time>2026-02-09T15:42:42Z</time>
					</trkpt>
					<trkpt lat="43.404980" lon="-1.504810">
						<ele>89</ele>
						<time>2026-02-09T15:42:44Z</time>
					</trkpt>
					<trkpt lat="43.405160" lon="-1.504690">
						<ele>89</ele>
						<time>2026-02-09T15:42:48Z</time>
					</trkpt>
					<trkpt lat="43.405450" lon="-1.504220">
						<ele>90</ele>
						<time>2026-02-09T15:42:56Z</time>
					</trkpt>
					<trkpt lat="43.405540" lon="-1.504110">
						<ele>91</ele>
						<time>2026-02-09T15:42:58Z</time>
					</trkpt>
					<trkpt lat="43.405690" lon="-1.504020">
						<ele>91</ele>
						<time>2026-02-09T15:43:01Z</time>
					</trkpt>
					<trkpt lat="43.406360" lon="-1.503910">
						<ele>88</ele>
						<time>2026-02-09T15:43:13Z</time>
					</trkpt>
					<trkpt lat="43.406530" lon="-1.503930">
						<ele>87</ele>
						<time>2026-02-09T15:43:16Z</time>
					</trkpt>
					<trkpt lat="43.406670" lon="-1.503980">
						<ele>86</ele>
						<time>2026-02-09T15:43:18Z</time>
					</trkpt>
					<trkpt lat="43.407580" lon="-1.504470">
						<ele>81</ele>
						<time>2026-02-09T15:43:36Z</time>
					</trkpt>
					<trkpt lat="43.407720" lon="-1.504640">
						<ele>80</ele>
						<time>2026-02-09T15:43:39Z</time>
					</trkpt>
					<trkpt lat="43.407760" lon="-1.504740">
						<ele>81</ele>
						<time>2026-02-09T15:43:41Z</time>
					</trkpt>
					<trkpt lat="43.407830" lon="-1.505310">
						<ele>81</ele>
						<time>2026-02-09T15:43:48Z</time>
					</trkpt>
					<trkpt lat="43.407880" lon="-1.505420">
						<ele>81</ele>
						<time>2026-02-09T15:43:50Z</time>
					</trkpt>
					<trkpt lat="43.408000" lon="-1.505540">
						<ele>80</ele>
						<time>2026-02-09T15:43:52Z</time>
					</trkpt>
					<trkpt lat="43.408280" lon="-1.505640">
						<ele>79</ele>
						<time>2026-02-09T15:43:58Z</time>
					</trkpt>
					<trkpt lat="43.408600" lon="-1.505870">
						<ele>77</ele>
						<time>2026-02-09T15:44:04Z</time>
					</trkpt>
					<trkpt lat="43.408690" lon="-1.505980">
						<ele>77</ele>
						<time>2026-02-09T15:44:06Z</time>
					</trkpt>
					<trkpt lat="43.408940" lon="-1.506420">
						<ele>77</ele>
						<time>2026-02-09T15:44:13Z</time>
					</trkpt>
					<trkpt lat="43.409070" lon="-1.506550">
						<ele>77</ele>
						<time>2026-02-09T15:44:16Z</time>
					</trkpt>
					<trkpt lat="43.409190" lon="-1.506600">
						<ele>76</ele>
						<time>2026-02-09T15:44:18Z</time>
					</trkpt>
					<trkpt lat="43.409310" lon="-1.506600">
						<ele>76</ele>
						<time>2026-02-09T15:44:21Z</time>
					</trkpt>
					<trkpt lat="43.409480" lon="-1.506540">
						<ele>74</ele>
						<time>2026-02-09T15:44:24Z</time>
					</trkpt>
					<trkpt lat="43.409630" lon="-1.506400">
						<ele>73</ele>
						<time>2026-02-09T15:44:27Z</time>
					</trkpt>
					<trkpt lat="43.409790" lon="-1.506120">
						<ele>72</ele>
						<time>2026-02-09T15:44:32Z</time>
					</trkpt>
					<trkpt lat="43.409900" lon="-1.505980">
						<ele>71</ele>
						<time>2026-02-09T15:44:34Z</time>
					</trkpt>
					<trkpt lat="43.410050" lon="-1.505860">
						<ele>71</ele>
						<time>2026-02-09T15:44:37Z</time>
					</trkpt>
					<trkpt lat="43.410950" lon="-1.505320">
						<ele>70</ele>
						<time>2026-02-09T15:44:55Z</time>
					</trkpt>
					<trkpt lat="43.411570" lon="-1.505090">
						<ele>72</ele>
						<time>2026-02-09T15:45:06Z</time>
					</trkpt>
					<trkpt lat="43.411710" lon="-1.504970">
						<ele>72</ele>
						<time>2026-02-09T15:45:09Z</time>
					</trkpt>
					<trkpt lat="43.411920" lon="-1.504530">
						<ele>73</ele>
						<time>2026-02-09T15:45:16Z</time>
					</trkpt>
					<trkpt lat="43.412020" lon="-1.504430">
						<ele>74</ele>
						<time>2026-02-09T15:45:18Z</time>
					</trkpt>
					<trkpt lat="43.412140" lon="-1.504370">
						<ele>74</ele>
						<time>2026-02-09T15:45:20Z</time>
					</trkpt>
					<trkpt lat="43.412270" lon="-1.504370">
						<ele>75</ele>
						<time>2026-02-09T15:45:23Z</time>
					</trkpt>
					<trkpt lat="43.412400" lon="-1.504420">
						<ele>75</ele>
						<time>2026-02-09T15:45:25Z</time>
					</trkpt>
					<trkpt lat="43.412520" lon="-1.504520">
						<ele>75</ele>
						<time>2026-02-09T15:45:28Z</time>
					</trkpt>
					<trkpt lat="43.412940" lon="-1.505090">
						<ele>71</ele>
						<time>2026-02-09T15:45:38Z</time>
					</trkpt>
					<trkpt lat="43.413120" lon="-1.505400">
						<ele>71</ele>
						<time>2026-02-09T15:45:43Z</time>
					</trkpt>
					<trkpt lat="43.413320" lon="-1.505680">
						<ele>71</ele>
						<time>2026-02-09T15:45:48Z</time>
					</trkpt>
					<trkpt lat="43.413560" lon="-1.505960">
						<ele>70</ele>
						<time>2026-02-09T15:45:54Z</time>
					</trkpt>
					<trkpt lat="43.413720" lon="-1.506100">
						<ele>70</ele>
						<time>2026-02-09T15:45:57Z</time>
					</trkpt>
					<trkpt lat="43.413870" lon="-1.506170">
						<ele>70</ele>
						<time>2026-02-09T15:46:00Z</time>
					</trkpt>
					<trkpt lat="43.414670" lon="-1.506260">
						<ele>67</ele>
						<time>2026-02-09T15:46:14Z</time>
					</trkpt>
					<trkpt lat="43.415180" lon="-1.506410">
						<ele>67</ele>
						<time>2026-02-09T15:46:24Z</time>
					</trkpt>
					<trkpt lat="43.415510" lon="-1.506450">
						<ele>68</ele>
						<time>2026-02-09T15:46:30Z</time>
					</trkpt>
					<trkpt lat="43.416040" lon="-1.506190">
						<ele>66</ele>
						<time>2026-02-09T15:46:40Z</time>
					</trkpt>
					<trkpt lat="43.416180" lon="-1.506150">
						<ele>66</ele>
						<time>2026-02-09T15:46:42Z</time>
					</trkpt>
					<trkpt lat="43.416300" lon="-1.506170">
						<ele>65</ele>
						<time>2026-02-09T15:46:44Z</time>
					</trkpt>
					<trkpt lat="43.416420" lon="-1.506230">
						<ele>65</ele>
						<time>2026-02-09T15:46:46Z</time>
					</trkpt>
					<trkpt lat="43.416670" lon="-1.506490">
						<ele>66</ele>
						<time>2026-02-09T15:46:52Z</time>
					</trkpt>
					<trkpt lat="43.416770" lon="-1.506540">
						<ele>67</ele>
						<time>2026-02-09T15:46:54Z</time>
					</trkpt>
					<trkpt lat="43.416870" lon="-1.506550">
						<ele>67</ele>
						<time>2026-02-09T15:46:56Z</time>
					</trkpt>
					<trkpt lat="43.417220" lon="-1.506460">
						<ele>67</ele>
						<time>2026-02-09T15:47:02Z</time>
					</trkpt>
					<trkpt lat="43.417370" lon="-1.506460">
						<ele>67</ele>
						<time>2026-02-09T15:47:05Z</time>
					</trkpt>
					<trkpt lat="43.417510" lon="-1.506490">
						<ele>67</ele>
						<time>2026-02-09T15:47:07Z</time>
					</trkpt>
					<trkpt lat="43.418290" lon="-1.506860">
						<ele>67</ele>
						<time>2026-02-09T15:47:22Z</time>
					</trkpt>
					<trkpt lat="43.418440" lon="-1.507010">
						<ele>66</ele>
						<time>2026-02-09T15:47:25Z</time>
					</trkpt>
					<trkpt lat="43.419270" lon="-1.508180">
						<ele>67</ele>
						<time>2026-02-09T15:47:46Z</time>
					</trkpt>
					<trkpt lat="43.419400" lon="-1.508250">
						<ele>67</ele>
						<time>2026-02-09T15:47:49Z</time>
					</trkpt>
					<trkpt lat="43.419530" lon="-1.508260">
						<ele>67</ele>
						<time>2026-02-09T15:47:51Z</time>
					</trkpt>
					<trkpt lat="43.419660" lon="-1.508220">
						<ele>67</ele>
						<time>2026-02-09T15:47:54Z</time>
					</trkpt>
					<trkpt lat="43.420400" lon="-1.507650">
						<ele>61</ele>
						<time>2026-02-09T15:48:09Z</time>
					</trkpt>
					<trkpt lat="43.420550" lon="-1.507610">
						<ele>60</ele>
						<time>2026-02-09T15:48:11Z</time>
					</trkpt>
					<trkpt lat="43.420670" lon="-1.507610">
						<ele>60</ele>
						<time>2026-02-09T15:48:13Z</time>
					</trkpt>
					<trkpt lat="43.420780" lon="-1.507650">
						<ele>61</ele>
						<time>2026-02-09T15:48:16Z</time>
					</trkpt>
					<trkpt lat="43.420950" lon="-1.507830">
						<ele>61</ele>
						<time>2026-02-09T15:48:19Z</time>
					</trkpt>
					<trkpt lat="43.421010" lon="-1.507940">
						<ele>61</ele>
						<time>2026-02-09T15:48:21Z</time>
					</trkpt>
					<trkpt lat="43.421540" lon="-1.509230">
						<ele>61</ele>
						<time>2026-02-09T15:48:40Z</time>
					</trkpt>
					<trkpt lat="43.421660" lon="-1.509430">
						<ele>61</ele>
						<time>2026-02-09T15:48:44Z</time>
					</trkpt>
					<trkpt lat="43.422040" lon="-1.509850">
						<ele>61</ele>
						<time>2026-02-09T15:48:52Z</time>
					</trkpt>
					<trkpt lat="43.422180" lon="-1.509980">
						<ele>61</ele>
						<time>2026-02-09T15:48:55Z</time>
					</trkpt>
					<trkpt lat="43.422340" lon="-1.510070">
						<ele>61</ele>
						<time>2026-02-09T15:48:58Z</time>
					</trkpt>
					<trkpt lat="43.423130" lon="-1.510370">
						<ele>59</ele>
						<time>2026-02-09T15:49:13Z</time>
					</trkpt>
					<trkpt lat="43.423550" lon="-1.510590">
						<ele>58</ele>
						<time>2026-02-09T15:49:21Z</time>
					</trkpt>
					<trkpt lat="43.424160" lon="-1.511160">
						<ele>55</ele>
						<time>2026-02-09T15:49:34Z</time>
					</trkpt>
					<trkpt lat="43.425270" lon="-1.512270">
						<ele>55</ele>
						<time>2026-02-09T15:49:58Z</time>
					</trkpt>
					<trkpt lat="43.425390" lon="-1.512340">
						<ele>56</ele>
						<time>2026-02-09T15:50:01Z</time>
					</trkpt>
					<trkpt lat="43.425530" lon="-1.512360">
						<ele>57</ele>
						<time>2026-02-09T15:50:03Z</time>
					</trkpt>
					<trkpt lat="43.425650" lon="-1.512320">
						<ele>57</ele>
						<time>2026-02-09T15:50:05Z</time>
					</trkpt>
					<trkpt lat="43.425750" lon="-1.512240">
						<ele>57</ele>
						<time>2026-02-09T15:50:08Z</time>
					</trkpt>
					<trkpt lat="43.426360" lon="-1.511480">
						<ele>58</ele>
						<time>2026-02-09T15:50:22Z</time>
					</trkpt>
					<trkpt lat="43.426470" lon="-1.511390">
						<ele>58</ele>
						<time>2026-02-09T15:50:24Z</time>
					</trkpt>
					<trkpt lat="43.426580" lon="-1.511370">
						<ele>59</ele>
						<time>2026-02-09T15:50:26Z</time>
					</trkpt>
					<trkpt lat="43.426780" lon="-1.511440">
						<ele>59</ele>
						<time>2026-02-09T15:50:30Z</time>
					</trkpt>
					<trkpt lat="43.426850" lon="-1.511550">
						<ele>60</ele>
						<time>2026-02-09T15:50:32Z</time>
					</trkpt>
					<trkpt lat="43.426940" lon="-1.511810">
						<ele>61</ele>
						<time>2026-02-09T15:50:36Z</time>
					</trkpt>
					<trkpt lat="43.427250" lon="-1.513350">
						<ele>68</ele>
						<time>2026-02-09T15:50:56Z</time>
					</trkpt>
					<trkpt lat="43.427390" lon="-1.513760">
						<ele>68</ele>
						<time>2026-02-09T15:51:02Z</time>
					</trkpt>
					<trkpt lat="43.427490" lon="-1.513900">
						<ele>68</ele>
						<time>2026-02-09T15:51:05Z</time>
					</trkpt>
					<trkpt lat="43.427760" lon="-1.514160">
						<ele>69</ele>
						<time>2026-02-09T15:51:11Z</time>
					</trkpt>
					<trkpt lat="43.428090" lon="-1.514390">
						<ele>69</ele>
						<time>2026-02-09T15:51:17Z</time>
					</trkpt>
					<trkpt lat="43.428260" lon="-1.514440">
						<ele>69</ele>
						<time>2026-02-09T15:51:20Z</time>
					</trkpt>
					<trkpt lat="43.428510" lon="-1.514470">
						<ele>68</ele>
						<time>2026-02-09T15:51:25Z</time>
					</trkpt>
					<trkpt lat="43.428690" lon="-1.514450">
						<ele>68</ele>
						<time>2026-02-09T15:51:28Z</time>
					</trkpt>
					<trkpt lat="43.428900" lon="-1.514360">
						<ele>67</ele>
						<time>2026-02-09T15:51:32Z</time>
					</trkpt>
					<trkpt lat="43.429020" lon="-1.514240">
						<ele>68</ele>
						<time>2026-02-09T15:51:35Z</time>
					</trkpt>
					<trkpt lat="43.429310" lon="-1.513660">
						<ele>71</ele>
						<time>2026-02-09T15:51:44Z</time>
					</trkpt>
					<trkpt lat="43.429430" lon="-1.513500">
						<ele>72</ele>
						<time>2026-02-09T15:51:47Z</time>
					</trkpt>
					<trkpt lat="43.429610" lon="-1.513360">
						<ele>73</ele>
						<time>2026-02-09T15:51:50Z</time>
					</trkpt>
					<trkpt lat="43.429760" lon="-1.513290">
						<ele>72</ele>
						<time>2026-02-09T15:51:53Z</time>
					</trkpt>
					<trkpt lat="43.429940" lon="-1.513280">
						<ele>72</ele>
						<time>2026-02-09T15:51:56Z</time>
					</trkpt>
					<trkpt lat="43.430680" lon="-1.513340">
						<ele>72</ele>
						<time>2026-02-09T15:52:09Z</time>
					</trkpt>
					<trkpt lat="43.431450" lon="-1.513610">
						<ele>70</ele>
						<time>2026-02-09T15:52:24Z</time>
					</trkpt>
					<trkpt lat="43.431640" lon="-1.513630">
						<ele>70</ele>
						<time>2026-02-09T15:52:27Z</time>
					</trkpt>
					<trkpt lat="43.431860" lon="-1.513640">
						<ele>70</ele>
						<time>2026-02-09T15:52:31Z</time>
					</trkpt>
					<trkpt lat="43.432560" lon="-1.513440">
						<ele>71</ele>
						<time>2026-02-09T15:52:44Z</time>
					</trkpt>
					<trkpt lat="43.432710" lon="-1.513430">
						<ele>70</ele>
						<time>2026-02-09T15:52:46Z</time>
					</trkpt>
					<trkpt lat="43.432860" lon="-1.513460">
						<ele>71</ele>
						<time>2026-02-09T15:52:49Z</time>
					</trkpt>
					<trkpt lat="43.432980" lon="-1.513520">
						<ele>71</ele>
						<time>2026-02-09T15:52:51Z</time>
					</trkpt>
					<trkpt lat="43.433210" lon="-1.513730">
						<ele>72</ele>
						<time>2026-02-09T15:52:56Z</time>
					</trkpt>
					<trkpt lat="43.433240" lon="-1.513690">
						<ele>72</ele>
						<time>2026-02-09T15:52:57Z</time>
					</trkpt>
					<trkpt lat="43.433290" lon="-1.513690">
						<ele>72</ele>
						<time>2026-02-09T15:52:58Z</time>
					</trkpt>
					<trkpt lat="43.433340" lon="-1.513750">
						<ele>72</ele>
						<time>2026-02-09T15:52:59Z</time>
					</trkpt>
					<trkpt lat="43.433330" lon="-1.513840">
						<ele>73</ele>
						<time>2026-02-09T15:53:00Z</time>
					</trkpt>
					<trkpt lat="43.433530" lon="-1.514080">
						<ele>74</ele>
						<time>2026-02-09T15:53:05Z</time>
					</trkpt>
					<trkpt lat="43.433740" lon="-1.514390">
						<ele>74</ele>
						<time>2026-02-09T15:53:10Z</time>
					</trkpt>
					<trkpt lat="43.433880" lon="-1.514670">
						<ele>74</ele>
						<time>2026-02-09T15:53:15Z</time>
					</trkpt>
					<trkpt lat="43.434130" lon="-1.515290">
						<ele>74</ele>
						<time>2026-02-09T15:53:24Z</time>
					</trkpt>
					<trkpt lat="43.434620" lon="-1.516770">
						<ele>75</ele>
						<time>2026-02-09T15:53:45Z</time>
					</trkpt>
					<trkpt lat="43.435130" lon="-1.519020">
						<ele>71</ele>
						<time>2026-02-09T15:54:15Z</time>
					</trkpt>
					<trkpt lat="43.435190" lon="-1.519020">
						<ele>72</ele>
						<time>2026-02-09T15:54:16Z</time>
					</trkpt>
					<trkpt lat="43.435240" lon="-1.519050">
						<ele>72</ele>
						<time>2026-02-09T15:54:17Z</time>
					</trkpt>
					<trkpt lat="43.435310" lon="-1.519170">
						<ele>72</ele>
						<time>2026-02-09T15:54:19Z</time>
					</trkpt>
					<trkpt lat="43.435300" lon="-1.519320">
						<ele>71</ele>
						<time>2026-02-09T15:54:21Z</time>
					</trkpt>
					<trkpt lat="43.435260" lon="-1.519390">
						<ele>71</ele>
						<time>2026-02-09T15:54:23Z</time>
					</trkpt>
					<trkpt lat="43.435200" lon="-1.519430">
						<ele>70</ele>
						<time>2026-02-09T15:54:24Z</time>
					</trkpt>
					<trkpt lat="43.435120" lon="-1.519430">
						<ele>69</ele>
						<time>2026-02-09T15:54:25Z</time>
					</trkpt>
					<trkpt lat="43.435040" lon="-1.519370">
						<ele>69</ele>
						<time>2026-02-09T15:54:27Z</time>
					</trkpt>
					<trkpt lat="43.435010" lon="-1.519190">
						<ele>70</ele>
						<time>2026-02-09T15:54:29Z</time>
					</trkpt>
					<trkpt lat="43.434970" lon="-1.519110">
						<ele>70</ele>
						<time>2026-02-09T15:54:30Z</time>
					</trkpt>
					<trkpt lat="43.434680" lon="-1.518860">
						<ele>70</ele>
						<time>2026-02-09T15:54:37Z</time>
					</trkpt>
					<trkpt lat="43.434510" lon="-1.518790">
						<ele>70</ele>
						<time>2026-02-09T15:54:40Z</time>
					</trkpt>
					<trkpt lat="43.434390" lon="-1.518790">
						<ele>70</ele>
						<time>2026-02-09T15:54:42Z</time>
					</trkpt>
					<trkpt lat="43.434280" lon="-1.518850">
						<ele>70</ele>
						<time>2026-02-09T15:54:44Z</time>
					</trkpt>
					<trkpt lat="43.433280" lon="-1.520130">
						<ele>67</ele>
						<time>2026-02-09T15:55:08Z</time>
					</trkpt>
					<trkpt lat="43.433120" lon="-1.520410">
						<ele>64</ele>
						<time>2026-02-09T15:55:13Z</time>
					</trkpt>
					<trkpt lat="43.432120" lon="-1.522480">
						<ele>59</ele>
						<time>2026-02-09T15:55:45Z</time>
					</trkpt>
					<trkpt lat="43.431870" lon="-1.522670">
						<ele>59</ele>
						<time>2026-02-09T15:55:50Z</time>
					</trkpt>
					<trkpt lat="43.430880" lon="-1.523050">
						<ele>58</ele>
						<time>2026-02-09T15:56:08Z</time>
					</trkpt>
					<trkpt lat="43.430470" lon="-1.523250">
						<ele>57</ele>
						<time>2026-02-09T15:56:16Z</time>
					</trkpt>
					<trkpt lat="43.429630" lon="-1.523870">
						<ele>54</ele>
						<time>2026-02-09T15:56:33Z</time>
					</trkpt>
					<trkpt lat="43.429380" lon="-1.523940">
						<ele>52</ele>
						<time>2026-02-09T15:56:38Z</time>
					</trkpt>
					<trkpt lat="43.427790" lon="-1.524060">
						<ele>40</ele>
						<time>2026-02-09T15:57:06Z</time>
					</trkpt>
					<trkpt lat="43.426750" lon="-1.524270">
						<ele>35</ele>
						<time>2026-02-09T15:57:25Z</time>
					</trkpt>
					<trkpt lat="43.424230" lon="-1.524070">
						<ele>23</ele>
						<time>2026-02-09T15:58:09Z</time>
					</trkpt>
					<trkpt lat="43.424080" lon="-1.524090">
						<ele>23</ele>
						<time>2026-02-09T15:58:12Z</time>
					</trkpt>
					<trkpt lat="43.423930" lon="-1.524170">
						<ele>22</ele>
						<time>2026-02-09T15:58:15Z</time>
					</trkpt>
					<trkpt lat="43.423000" lon="-1.525150">
						<ele>25</ele>
						<time>2026-02-09T15:58:36Z</time>
					</trkpt>
					<trkpt lat="43.422760" lon="-1.525460">
						<ele>27</ele>
						<time>2026-02-09T15:58:42Z</time>
					</trkpt>
					<trkpt lat="43.422680" lon="-1.525630">
						<ele>28</ele>
						<time>2026-02-09T15:58:44Z</time>
					</trkpt>
					<trkpt lat="43.422620" lon="-1.525840">
						<ele>29</ele>
						<time>2026-02-09T15:58:47Z</time>
					</trkpt>
					<trkpt lat="43.422590" lon="-1.526080">
						<ele>29</ele>
						<time>2026-02-09T15:58:50Z</time>
					</trkpt>
					<trkpt lat="43.422650" lon="-1.527750">
						<ele>28</ele>
						<time>2026-02-09T15:59:12Z</time>
					</trkpt>
					<trkpt lat="43.422580" lon="-1.528160">
						<ele>30</ele>
						<time>2026-02-09T15:59:17Z</time>
					</trkpt>
					<trkpt lat="43.422390" lon="-1.528470">
						<ele>32</ele>
						<time>2026-02-09T15:59:23Z</time>
					</trkpt>
					<trkpt lat="43.422190" lon="-1.528630">
						<ele>33</ele>
						<time>2026-02-09T15:59:27Z</time>
					</trkpt>
					<trkpt lat="43.421980" lon="-1.528630">
						<ele>35</ele>
						<time>2026-02-09T15:59:31Z</time>
					</trkpt>
					<trkpt lat="43.421880" lon="-1.528600">
						<ele>36</ele>
						<time>2026-02-09T15:59:32Z</time>
					</trkpt>
					<trkpt lat="43.421670" lon="-1.528420">
						<ele>38</ele>
						<time>2026-02-09T15:59:37Z</time>
					</trkpt>
					<trkpt lat="43.420540" lon="-1.526660">
						<ele>44</ele>
						<time>2026-02-09T16:00:07Z</time>
					</trkpt>
					<trkpt lat="43.420290" lon="-1.526370">
						<ele>44</ele>
						<time>2026-02-09T16:00:13Z</time>
					</trkpt>
					<trkpt lat="43.420060" lon="-1.526210">
						<ele>43</ele>
						<time>2026-02-09T16:00:18Z</time>
					</trkpt>
					<trkpt lat="43.419880" lon="-1.526150">
						<ele>44</ele>
						<time>2026-02-09T16:00:21Z</time>
					</trkpt>
					<trkpt lat="43.419630" lon="-1.526120">
						<ele>46</ele>
						<time>2026-02-09T16:00:25Z</time>
					</trkpt>
					<trkpt lat="43.419300" lon="-1.526170">
						<ele>49</ele>
						<time>2026-02-09T16:00:31Z</time>
					</trkpt>
					<trkpt lat="43.417930" lon="-1.526500">
						<ele>60</ele>
						<time>2026-02-09T16:00:56Z</time>
					</trkpt>
					<trkpt lat="43.416600" lon="-1.526620">
						<ele>59</ele>
						<time>2026-02-09T16:01:20Z</time>
					</trkpt>
					<trkpt lat="43.416450" lon="-1.526610">
						<ele>58</ele>
						<time>2026-02-09T16:01:22Z</time>
					</trkpt>
					<trkpt lat="43.416250" lon="-1.526560">
						<ele>55</ele>
						<time>2026-02-09T16:01:26Z</time>
					</trkpt>
					<trkpt lat="43.415890" lon="-1.526290">
						<ele>51</ele>
						<time>2026-02-09T16:01:33Z</time>
					</trkpt>
					<trkpt lat="43.415140" lon="-1.525580">
						<ele>47</ele>
						<time>2026-02-09T16:01:49Z</time>
					</trkpt>
					<trkpt lat="43.414860" lon="-1.525440">
						<ele>48</ele>
						<time>2026-02-09T16:01:55Z</time>
					</trkpt>
					<trkpt lat="43.414130" lon="-1.525240">
						<ele>53</ele>
						<time>2026-02-09T16:02:08Z</time>
					</trkpt>
					<trkpt lat="43.413740" lon="-1.525090">
						<ele>55</ele>
						<time>2026-02-09T16:02:15Z</time>
					</trkpt>
					<trkpt lat="43.413620" lon="-1.524950">
						<ele>55</ele>
						<time>2026-02-09T16:02:18Z</time>
					</trkpt>
					<trkpt lat="43.413520" lon="-1.524760">
						<ele>55</ele>
						<time>2026-02-09T16:02:21Z</time>
					</trkpt>
					<trkpt lat="43.413280" lon="-1.523960">
						<ele>56</ele>
						<time>2026-02-09T16:02:32Z</time>
					</trkpt>
					<trkpt lat="43.413160" lon="-1.523690">
						<ele>57</ele>
						<time>2026-02-09T16:02:36Z</time>
					</trkpt>
					<trkpt lat="43.412980" lon="-1.523490">
						<ele>58</ele>
						<time>2026-02-09T16:02:40Z</time>
					</trkpt>
					<trkpt lat="43.412820" lon="-1.523430">
						<ele>59</ele>
						<time>2026-02-09T16:02:43Z</time>
					</trkpt>
					<trkpt lat="43.412700" lon="-1.523430">
						<ele>61</ele>
						<time>2026-02-09T16:02:45Z</time>
					</trkpt>
					<trkpt lat="43.412600" lon="-1.523480">
						<ele>61</ele>
						<time>2026-02-09T16:02:47Z</time>
					</trkpt>
					<trkpt lat="43.410940" lon="-1.525140">
						<ele>63</ele>
						<time>2026-02-09T16:03:24Z</time>
					</trkpt>
					<trkpt lat="43.409240" lon="-1.526340">
						<ele>60</ele>
						<time>2026-02-09T16:03:58Z</time>
					</trkpt>
					<trkpt lat="43.408990" lon="-1.526470">
						<ele>61</ele>
						<time>2026-02-09T16:04:03Z</time>
					</trkpt>
					<trkpt lat="43.406700" lon="-1.527010">
						<ele>61</ele>
						<time>2026-02-09T16:04:44Z</time>
					</trkpt>
					<trkpt lat="43.405450" lon="-1.527220">
						<ele>61</ele>
						<time>2026-02-09T16:05:06Z</time>
					</trkpt>
					<trkpt lat="43.403940" lon="-1.527740">
						<ele>66</ele>
						<time>2026-02-09T16:05:34Z</time>
					</trkpt>
					<trkpt lat="43.403710" lon="-1.527780">
						<ele>67</ele>
						<time>2026-02-09T16:05:38Z</time>
					</trkpt>
					<trkpt lat="43.403540" lon="-1.527780">
						<ele>68</ele>
						<time>2026-02-09T16:05:41Z</time>
					</trkpt>
					<trkpt lat="43.403340" lon="-1.527740">
						<ele>69</ele>
						<time>2026-02-09T16:05:45Z</time>
					</trkpt>
					<trkpt lat="43.402130" lon="-1.527250">
						<ele>71</ele>
						<time>2026-02-09T16:06:07Z</time>
					</trkpt>
					<trkpt lat="43.401900" lon="-1.527180">
						<ele>70</ele>
						<time>2026-02-09T16:06:11Z</time>
					</trkpt>
					<trkpt lat="43.400260" lon="-1.526960">
						<ele>69</ele>
						<time>2026-02-09T16:06:41Z</time>
					</trkpt>
					<trkpt lat="43.400010" lon="-1.526950">
						<ele>70</ele>
						<time>2026-02-09T16:06:45Z</time>
					</trkpt>
					<trkpt lat="43.399550" lon="-1.527050">
						<ele>75</ele>
						<time>2026-02-09T16:06:54Z</time>
					</trkpt>
					<trkpt lat="43.398450" lon="-1.527370">
						<ele>83</ele>
						<time>2026-02-09T16:07:14Z</time>
					</trkpt>
					<trkpt lat="43.398250" lon="-1.527460">
						<ele>84</ele>
						<time>2026-02-09T16:07:17Z</time>
					</trkpt>
					<trkpt lat="43.398090" lon="-1.527610">
						<ele>85</ele>
						<time>2026-02-09T16:07:21Z</time>
					</trkpt>
					<trkpt lat="43.396650" lon="-1.529600">
						<ele>86</ele>
						<time>2026-02-09T16:07:57Z</time>
					</trkpt>
					<trkpt lat="43.396590" lon="-1.529780">
						<ele>86</ele>
						<time>2026-02-09T16:08:00Z</time>
					</trkpt>
					<trkpt lat="43.396610" lon="-1.529990">
						<ele>86</ele>
						<time>2026-02-09T16:08:02Z</time>
					</trkpt>
					<trkpt lat="43.396870" lon="-1.530700">
						<ele>86</ele>
						<time>2026-02-09T16:08:13Z</time>
					</trkpt>
					<trkpt lat="43.396990" lon="-1.530940">
						<ele>85</ele>
						<time>2026-02-09T16:08:16Z</time>
					</trkpt>
					<trkpt lat="43.397140" lon="-1.530850">
						<ele>87</ele>
						<time>2026-02-09T16:08:19Z</time>
					</trkpt>
					<trkpt lat="43.397320" lon="-1.530810">
						<ele>88</ele>
						<time>2026-02-09T16:08:23Z</time>
					</trkpt>
					<trkpt lat="43.397470" lon="-1.530880">
						<ele>88</ele>
						<time>2026-02-09T16:08:25Z</time>
					</trkpt>
					<trkpt lat="43.397630" lon="-1.531000">
						<ele>87</ele>
						<time>2026-02-09T16:08:29Z</time>
					</trkpt>
					<trkpt lat="43.398650" lon="-1.532380">
						<ele>82</ele>
						<time>2026-02-09T16:08:54Z</time>
					</trkpt>
					<trkpt lat="43.398820" lon="-1.532570">
						<ele>82</ele>
						<time>2026-02-09T16:08:58Z</time>
					</trkpt>
					<trkpt lat="43.400560" lon="-1.534160">
						<ele>76</ele>
						<time>2026-02-09T16:09:35Z</time>
					</trkpt>
					<trkpt lat="43.400930" lon="-1.534550">
						<ele>74</ele>
						<time>2026-02-09T16:09:43Z</time>
					</trkpt>
					<trkpt lat="43.402160" lon="-1.536660">
						<ele>74</ele>
						<time>2026-02-09T16:10:18Z</time>
					</trkpt>
					<trkpt lat="43.402280" lon="-1.536800">
						<ele>74</ele>
						<time>2026-02-09T16:10:21Z</time>
					</trkpt>
					<trkpt lat="43.402470" lon="-1.536920">
						<ele>74</ele>
						<time>2026-02-09T16:10:25Z</time>
					</trkpt>
					<trkpt lat="43.402940" lon="-1.536980">
						<ele>74</ele>
						<time>2026-02-09T16:10:33Z</time>
					</trkpt>
					<trkpt lat="43.403620" lon="-1.537030">
						<ele>75</ele>
						<time>2026-02-09T16:10:45Z</time>
					</trkpt>
					<trkpt lat="43.403970" lon="-1.537020">
						<ele>77</ele>
						<time>2026-02-09T16:10:52Z</time>
					</trkpt>
					<trkpt lat="43.404520" lon="-1.537060">
						<ele>79</ele>
						<time>2026-02-09T16:11:01Z</time>
					</trkpt>
					<trkpt lat="43.404740" lon="-1.537170">
						<ele>81</ele>
						<time>2026-02-09T16:11:06Z</time>
					</trkpt>
					<trkpt lat="43.404900" lon="-1.537360">
						<ele>82</ele>
						<time>2026-02-09T16:11:09Z</time>
					</trkpt>
					<trkpt lat="43.405200" lon="-1.537890">
						<ele>83</ele>
						<time>2026-02-09T16:11:18Z</time>
					</trkpt>
					<trkpt lat="43.405880" lon="-1.538960">
						<ele>83</ele>
						<time>2026-02-09T16:11:36Z</time>
					</trkpt>
					<trkpt lat="43.406040" lon="-1.539510">
						<ele>80</ele>
						<time>2026-02-09T16:11:44Z</time>
					</trkpt>
					<trkpt lat="43.406430" lon="-1.542280">
						<ele>80</ele>
						<time>2026-02-09T16:12:21Z</time>
					</trkpt>
					<trkpt lat="43.406530" lon="-1.542760">
						<ele>78</ele>
						<time>2026-02-09T16:12:27Z</time>
					</trkpt>
					<trkpt lat="43.406810" lon="-1.543300">
						<ele>77</ele>
						<time>2026-02-09T16:12:36Z</time>
					</trkpt>
					<trkpt lat="43.407040" lon="-1.543570">
						<ele>75</ele>
						<time>2026-02-09T16:12:41Z</time>
					</trkpt>
					<trkpt lat="43.409750" lon="-1.545940">
						<ele>66</ele>
						<time>2026-02-09T16:13:38Z</time>
					</trkpt>
					<trkpt lat="43.411100" lon="-1.547270">
						<ele>58</ele>
						<time>2026-02-09T16:14:08Z</time>
					</trkpt>
					<trkpt lat="43.411320" lon="-1.547400">
						<ele>56</ele>
						<time>2026-02-09T16:14:12Z</time>
					</trkpt>
					<trkpt lat="43.411440" lon="-1.547420">
						<ele>55</ele>
						<time>2026-02-09T16:14:14Z</time>
					</trkpt>
					<trkpt lat="43.413350" lon="-1.547330">
						<ele>42</ele>
						<time>2026-02-09T16:14:48Z</time>
					</trkpt>
					<trkpt lat="43.413750" lon="-1.547350">
						<ele>41</ele>
						<time>2026-02-09T16:14:55Z</time>
					</trkpt>
					<trkpt lat="43.414320" lon="-1.547490">
						<ele>40</ele>
						<time>2026-02-09T16:15:05Z</time>
					</trkpt>
					<trkpt lat="43.414740" lon="-1.547670">
						<ele>40</ele>
						<time>2026-02-09T16:15:13Z</time>
					</trkpt>
					<trkpt lat="43.415490" lon="-1.548260">
						<ele>45</ele>
						<time>2026-02-09T16:15:29Z</time>
					</trkpt>
					<trkpt lat="43.416220" lon="-1.548730">
						<ele>51</ele>
						<time>2026-02-09T16:15:43Z</time>
					</trkpt>
					<trkpt lat="43.416460" lon="-1.548780">
						<ele>53</ele>
						<time>2026-02-09T16:15:47Z</time>
					</trkpt>
					<trkpt lat="43.417660" lon="-1.548850">
						<ele>56</ele>
						<time>2026-02-09T16:16:09Z</time>
					</trkpt>
					<trkpt lat="43.417630" lon="-1.549010">
						<ele>57</ele>
						<time>2026-02-09T16:16:11Z</time>
					</trkpt>
					<trkpt lat="43.417470" lon="-1.549430">
						<ele>56</ele>
						<time>2026-02-09T16:16:17Z</time>
					</trkpt>
					<trkpt lat="43.417200" lon="-1.549910">
						<ele>55</ele>
						<time>2026-02-09T16:16:25Z</time>
					</trkpt>
					<trkpt lat="43.417160" lon="-1.550710">
						<ele>55</ele>
						<time>2026-02-09T16:16:35Z</time>
					</trkpt>
					<trkpt lat="43.417130" lon="-1.550860">
						<ele>55</ele>
						<time>2026-02-09T16:16:37Z</time>
					</trkpt>
					<trkpt lat="43.417080" lon="-1.551020">
						<ele>55</ele>
						<time>2026-02-09T16:16:39Z</time>
					</trkpt>
					<trkpt lat="43.416840" lon="-1.551510">
						<ele>55</ele>
						<time>2026-02-09T16:16:47Z</time>
					</trkpt>
					<trkpt lat="43.416560" lon="-1.552500">
						<ele>52</ele>
						<time>2026-02-09T16:17:01Z</time>
					</trkpt>
					<trkpt lat="43.416490" lon="-1.552650">
						<ele>50</ele>
						<time>2026-02-09T16:17:03Z</time>
					</trkpt>
					<trkpt lat="43.416420" lon="-1.552770">
						<ele>50</ele>
						<time>2026-02-09T16:17:05Z</time>
					</trkpt>
					<trkpt lat="43.415210" lon="-1.553610">
						<ele>45</ele>
						<time>2026-02-09T16:17:29Z</time>
					</trkpt>
					<trkpt lat="43.415070" lon="-1.553780">
						<ele>44</ele>
						<time>2026-02-09T16:17:32Z</time>
					</trkpt>
					<trkpt lat="43.414810" lon="-1.554700">
						<ele>39</ele>
						<time>2026-02-09T16:17:45Z</time>
					</trkpt>
					<trkpt lat="43.414680" lon="-1.555620">
						<ele>35</ele>
						<time>2026-02-09T16:17:57Z</time>
					</trkpt>
					<trkpt lat="43.414600" lon="-1.555790">
						<ele>34</ele>
						<time>2026-02-09T16:18:00Z</time>
					</trkpt>
					<trkpt lat="43.413940" lon="-1.556800">
						<ele>27</ele>
						<time>2026-02-09T16:18:18Z</time>
					</trkpt>
					<trkpt lat="43.413880" lon="-1.556880">
						<ele>27</ele>
						<time>2026-02-09T16:18:19Z</time>
					</trkpt>
					<trkpt lat="43.413780" lon="-1.556930">
						<ele>26</ele>
						<time>2026-02-09T16:18:21Z</time>
					</trkpt>
					<trkpt lat="43.413660" lon="-1.556910">
						<ele>25</ele>
						<time>2026-02-09T16:18:23Z</time>
					</trkpt>
					<trkpt lat="43.413400" lon="-1.556700">
						<ele>24</ele>
						<time>2026-02-09T16:18:28Z</time>
					</trkpt>
					<trkpt lat="43.412930" lon="-1.556260">
						<ele>24</ele>
						<time>2026-02-09T16:18:39Z</time>
					</trkpt>
					<trkpt lat="43.412710" lon="-1.556200">
						<ele>24</ele>
						<time>2026-02-09T16:18:43Z</time>
					</trkpt>
					<trkpt lat="43.412500" lon="-1.556240">
						<ele>24</ele>
						<time>2026-02-09T16:18:46Z</time>
					</trkpt>
					<trkpt lat="43.412370" lon="-1.556320">
						<ele>25</ele>
						<time>2026-02-09T16:18:49Z</time>
					</trkpt>
					<trkpt lat="43.412030" lon="-1.556640">
						<ele>28</ele>
						<time>2026-02-09T16:18:56Z</time>
					</trkpt>
					<trkpt lat="43.411930" lon="-1.556930">
						<ele>28</ele>
						<time>2026-02-09T16:19:00Z</time>
					</trkpt>
					<trkpt lat="43.411840" lon="-1.557410">
						<ele>25</ele>
						<time>2026-02-09T16:19:07Z</time>
					</trkpt>
					<trkpt lat="43.411750" lon="-1.557700">
						<ele>24</ele>
						<time>2026-02-09T16:19:11Z</time>
					</trkpt>
					<trkpt lat="43.411520" lon="-1.558290">
						<ele>22</ele>
						<time>2026-02-09T16:19:19Z</time>
					</trkpt>
					<trkpt lat="43.411190" lon="-1.558860">
						<ele>24</ele>
						<time>2026-02-09T16:19:29Z</time>
					</trkpt>
					<trkpt lat="43.411020" lon="-1.559380">
						<ele>25</ele>
						<time>2026-02-09T16:19:36Z</time>
					</trkpt>
					<trkpt lat="43.410930" lon="-1.559560">
						<ele>25</ele>
						<time>2026-02-09T16:19:39Z</time>
					</trkpt>
					<trkpt lat="43.410150" lon="-1.560660">
						<ele>26</ele>
						<time>2026-02-09T16:19:59Z</time>
					</trkpt>
					<trkpt lat="43.409720" lon="-1.561610">
						<ele>23</ele>
						<time>2026-02-09T16:20:13Z</time>
					</trkpt>
					<trkpt lat="43.409110" lon="-1.562780">
						<ele>20</ele>
						<time>2026-02-09T16:20:32Z</time>
					</trkpt>
					<trkpt lat="43.408630" lon="-1.563560">
						<ele>17</ele>
						<time>2026-02-09T16:20:45Z</time>
					</trkpt>
					<trkpt lat="43.408510" lon="-1.564000">
						<ele>16</ele>
						<time>2026-02-09T16:20:51Z</time>
					</trkpt>
					<trkpt lat="43.408380" lon="-1.564690">
						<ele>16</ele>
						<time>2026-02-09T16:21:01Z</time>
					</trkpt>
					<trkpt lat="43.408270" lon="-1.565010">
						<ele>16</ele>
						<time>2026-02-09T16:21:05Z</time>
					</trkpt>
					<trkpt lat="43.408060" lon="-1.565350">
						<ele>17</ele>
						<time>2026-02-09T16:21:11Z</time>
					</trkpt>
					<trkpt lat="43.406700" lon="-1.568050">
						<ele>21</ele>
						<time>2026-02-09T16:21:53Z</time>
					</trkpt>
					<trkpt lat="43.406540" lon="-1.568420">
						<ele>21</ele>
						<time>2026-02-09T16:21:59Z</time>
					</trkpt>
					<trkpt lat="43.406100" lon="-1.569910">
						<ele>23</ele>
						<time>2026-02-09T16:22:20Z</time>
					</trkpt>
					<trkpt lat="43.405880" lon="-1.570830">
						<ele>29</ele>
						<time>2026-02-09T16:22:32Z</time>
					</trkpt>
					<trkpt lat="43.405800" lon="-1.570880">
						<ele>29</ele>
						<time>2026-02-09T16:22:34Z</time>
					</trkpt>
					<trkpt lat="43.405580" lon="-1.570790">
						<ele>28</ele>
						<time>2026-02-09T16:22:38Z</time>
					</trkpt>
					<trkpt lat="43.405320" lon="-1.570850">
						<ele>28</ele>
						<time>2026-02-09T16:22:43Z</time>
					</trkpt>
					<trkpt lat="43.405220" lon="-1.570840">
						<ele>28</ele>
						<time>2026-02-09T16:22:44Z</time>
					</trkpt>
					<trkpt lat="43.405140" lon="-1.570800">
						<ele>27</ele>
						<time>2026-02-09T16:22:46Z</time>
					</trkpt>
					<trkpt lat="43.404740" lon="-1.570260">
						<ele>22</ele>
						<time>2026-02-09T16:22:56Z</time>
					</trkpt>
					<trkpt lat="43.404610" lon="-1.570170">
						<ele>21</ele>
						<time>2026-02-09T16:22:58Z</time>
					</trkpt>
					<trkpt lat="43.404560" lon="-1.570230">
						<ele>22</ele>
						<time>2026-02-09T16:23:00Z</time>
					</trkpt>
					<trkpt lat="43.404500" lon="-1.570230">
						<ele>22</ele>
						<time>2026-02-09T16:23:01Z</time>
					</trkpt>
					<trkpt lat="43.404460" lon="-1.570160">
						<ele>21</ele>
						<time>2026-02-09T16:23:02Z</time>
					</trkpt>
					<trkpt lat="43.404460" lon="-1.570080">
						<ele>21</ele>
						<time>2026-02-09T16:23:03Z</time>
					</trkpt>
					<trkpt lat="43.404250" lon="-1.569840">
						<ele>20</ele>
						<time>2026-02-09T16:23:08Z</time>
					</trkpt>
					<trkpt lat="43.403850" lon="-1.569130">
						<ele>21</ele>
						<time>2026-02-09T16:23:19Z</time>
					</trkpt>
					<trkpt lat="43.403320" lon="-1.568580">
						<ele>23</ele>
						<time>2026-02-09T16:23:31Z</time>
					</trkpt>
					<trkpt lat="43.403280" lon="-1.568510">
						<ele>24</ele>
						<time>2026-02-09T16:23:32Z</time>
					</trkpt>
					<trkpt lat="43.403230" lon="-1.568300">
						<ele>26</ele>
						<time>2026-02-09T16:23:35Z</time>
					</trkpt>
					<trkpt lat="43.403220" lon="-1.567660">
						<ele>31</ele>
						<time>2026-02-09T16:23:43Z</time>
					</trkpt>
					<trkpt lat="43.403190" lon="-1.567490">
						<ele>33</ele>
						<time>2026-02-09T16:23:46Z</time>
					</trkpt>
					<trkpt lat="43.403100" lon="-1.567250">
						<ele>35</ele>
						<time>2026-02-09T16:23:49Z</time>
					</trkpt>
					<trkpt lat="43.402990" lon="-1.567080">
						<ele>38</ele>
						<time>2026-02-09T16:23:52Z</time>
					</trkpt>
					<trkpt lat="43.402630" lon="-1.566800">
						<ele>44</ele>
						<time>2026-02-09T16:23:59Z</time>
					</trkpt>
					<trkpt lat="43.402160" lon="-1.566260">
						<ele>53</ele>
						<time>2026-02-09T16:24:10Z</time>
					</trkpt>
					<trkpt lat="43.402100" lon="-1.566180">
						<ele>54</ele>
						<time>2026-02-09T16:24:12Z</time>
					</trkpt>
					<trkpt lat="43.401970" lon="-1.565900">
						<ele>56</ele>
						<time>2026-02-09T16:24:16Z</time>
					</trkpt>
					<trkpt lat="43.401770" lon="-1.565650">
						<ele>59</ele>
						<time>2026-02-09T16:24:21Z</time>
					</trkpt>
					<trkpt lat="43.401680" lon="-1.565410">
						<ele>60</ele>
						<time>2026-02-09T16:24:24Z</time>
					</trkpt>
					<trkpt lat="43.401660" lon="-1.564900">
						<ele>59</ele>
						<time>2026-02-09T16:24:31Z</time>
					</trkpt>
					<trkpt lat="43.401620" lon="-1.564740">
						<ele>59</ele>
						<time>2026-02-09T16:24:33Z</time>
					</trkpt>
					<trkpt lat="43.401470" lon="-1.564440">
						<ele>60</ele>
						<time>2026-02-09T16:24:38Z</time>
					</trkpt>
					<trkpt lat="43.401160" lon="-1.564090">
						<ele>63</ele>
						<time>2026-02-09T16:24:45Z</time>
					</trkpt>
					<trkpt lat="43.401070" lon="-1.563870">
						<ele>63</ele>
						<time>2026-02-09T16:24:48Z</time>
					</trkpt>
					<trkpt lat="43.400980" lon="-1.563510">
						<ele>62</ele>
						<time>2026-02-09T16:24:53Z</time>
					</trkpt>
					<trkpt lat="43.400910" lon="-1.563340">
						<ele>63</ele>
						<time>2026-02-09T16:24:56Z</time>
					</trkpt>
					<trkpt lat="43.400850" lon="-1.563250">
						<ele>63</ele>
						<time>2026-02-09T16:24:57Z</time>
					</trkpt>
					<trkpt lat="43.400690" lon="-1.563150">
						<ele>63</ele>
						<time>2026-02-09T16:25:00Z</time>
					</trkpt>
					<trkpt lat="43.400620" lon="-1.563150">
						<ele>63</ele>
						<time>2026-02-09T16:25:02Z</time>
					</trkpt>
					<trkpt lat="43.400460" lon="-1.563210">
						<ele>63</ele>
						<time>2026-02-09T16:25:05Z</time>
					</trkpt>
					<trkpt lat="43.399830" lon="-1.563720">
						<ele>63</ele>
						<time>2026-02-09T16:25:18Z</time>
					</trkpt>
					<trkpt lat="43.399690" lon="-1.563790">
						<ele>63</ele>
						<time>2026-02-09T16:25:20Z</time>
					</trkpt>
					<trkpt lat="43.399510" lon="-1.563850">
						<ele>62</ele>
						<time>2026-02-09T16:25:24Z</time>
					</trkpt>
					<trkpt lat="43.398780" lon="-1.564010">
						<ele>60</ele>
						<time>2026-02-09T16:25:37Z</time>
					</trkpt>
					<trkpt lat="43.398640" lon="-1.564120">
						<ele>60</ele>
						<time>2026-02-09T16:25:40Z</time>
					</trkpt>
					<trkpt lat="43.398540" lon="-1.564300">
						<ele>60</ele>
						<time>2026-02-09T16:25:43Z</time>
					</trkpt>
					<trkpt lat="43.398210" lon="-1.565230">
						<ele>60</ele>
						<time>2026-02-09T16:25:56Z</time>
					</trkpt>
					<trkpt lat="43.397630" lon="-1.566520">
						<ele>58</ele>
						<time>2026-02-09T16:26:16Z</time>
					</trkpt>
					<trkpt lat="43.397270" lon="-1.567540">
						<ele>61</ele>
						<time>2026-02-09T16:26:30Z</time>
					</trkpt>
					<trkpt lat="43.397040" lon="-1.567960">
						<ele>65</ele>
						<time>2026-02-09T16:26:37Z</time>
					</trkpt>
					<trkpt lat="43.396970" lon="-1.568030">
						<ele>66</ele>
						<time>2026-02-09T16:26:39Z</time>
					</trkpt>
					<trkpt lat="43.396890" lon="-1.568050">
						<ele>66</ele>
						<time>2026-02-09T16:26:40Z</time>
					</trkpt>
					<trkpt lat="43.396760" lon="-1.568020">
						<ele>67</ele>
						<time>2026-02-09T16:26:42Z</time>
					</trkpt>
					<trkpt lat="43.396620" lon="-1.567870">
						<ele>66</ele>
						<time>2026-02-09T16:26:46Z</time>
					</trkpt>
					<trkpt lat="43.396420" lon="-1.567550">
						<ele>65</ele>
						<time>2026-02-09T16:26:51Z</time>
					</trkpt>
					<trkpt lat="43.396340" lon="-1.567500">
						<ele>65</ele>
						<time>2026-02-09T16:26:53Z</time>
					</trkpt>
					<trkpt lat="43.396200" lon="-1.567500">
						<ele>66</ele>
						<time>2026-02-09T16:26:55Z</time>
					</trkpt>
					<trkpt lat="43.396110" lon="-1.567540">
						<ele>68</ele>
						<time>2026-02-09T16:26:57Z</time>
					</trkpt>
					<trkpt lat="43.395820" lon="-1.567940">
						<ele>74</ele>
						<time>2026-02-09T16:27:04Z</time>
					</trkpt>
					<trkpt lat="43.395760" lon="-1.567990">
						<ele>75</ele>
						<time>2026-02-09T16:27:05Z</time>
					</trkpt>
					<trkpt lat="43.395630" lon="-1.567970">
						<ele>75</ele>
						<time>2026-02-09T16:27:08Z</time>
					</trkpt>
					<trkpt lat="43.395390" lon="-1.567860">
						<ele>76</ele>
						<time>2026-02-09T16:27:12Z</time>
					</trkpt>
					<trkpt lat="43.395130" lon="-1.567610">
						<ele>75</ele>
						<time>2026-02-09T16:27:18Z</time>
					</trkpt>
					<trkpt lat="43.395020" lon="-1.567580">
						<ele>75</ele>
						<time>2026-02-09T16:27:20Z</time>
					</trkpt>
					<trkpt lat="43.394880" lon="-1.567620">
						<ele>75</ele>
						<time>2026-02-09T16:27:22Z</time>
					</trkpt>
					<trkpt lat="43.393910" lon="-1.568640">
						<ele>79</ele>
						<time>2026-02-09T16:27:44Z</time>
					</trkpt>
					<trkpt lat="43.393650" lon="-1.568800">
						<ele>78</ele>
						<time>2026-02-09T16:27:49Z</time>
					</trkpt>
					<trkpt lat="43.393420" lon="-1.568890">
						<ele>78</ele>
						<time>2026-02-09T16:27:53Z</time>
					</trkpt>
					<trkpt lat="43.393260" lon="-1.568900">
						<ele>78</ele>
						<time>2026-02-09T16:27:56Z</time>
					</trkpt>
					<trkpt lat="43.393070" lon="-1.568860">
						<ele>79</ele>
						<time>2026-02-09T16:28:00Z</time>
					</trkpt>
					<trkpt lat="43.392810" lon="-1.568760">
						<ele>81</ele>
						<time>2026-02-09T16:28:04Z</time>
					</trkpt>
					<trkpt lat="43.392650" lon="-1.568640">
						<ele>83</ele>
						<time>2026-02-09T16:28:08Z</time>
					</trkpt>
					<trkpt lat="43.392520" lon="-1.568520">
						<ele>84</ele>
						<time>2026-02-09T16:28:10Z</time>
					</trkpt>
					<trkpt lat="43.391780" lon="-1.567500">
						<ele>90</ele>
						<time>2026-02-09T16:28:29Z</time>
					</trkpt>
					<trkpt lat="43.391530" lon="-1.567310">
						<ele>89</ele>
						<time>2026-02-09T16:28:34Z</time>
					</trkpt>
					<trkpt lat="43.390150" lon="-1.566630">
						<ele>85</ele>
						<time>2026-02-09T16:29:00Z</time>
					</trkpt>
					<trkpt lat="43.388700" lon="-1.565830">
						<ele>87</ele>
						<time>2026-02-09T16:29:28Z</time>
					</trkpt>
					<trkpt lat="43.386890" lon="-1.564650">
						<ele>95</ele>
						<time>2026-02-09T16:30:04Z</time>
					</trkpt>
					<trkpt lat="43.386690" lon="-1.564560">
						<ele>96</ele>
						<time>2026-02-09T16:30:07Z</time>
					</trkpt>
					<trkpt lat="43.386520" lon="-1.564540">
						<ele>97</ele>
						<time>2026-02-09T16:30:10Z</time>
					</trkpt>
					<trkpt lat="43.386380" lon="-1.564590">
						<ele>97</ele>
						<time>2026-02-09T16:30:13Z</time>
					</trkpt>
					<trkpt lat="43.385660" lon="-1.565050">
						<ele>100</ele>
						<time>2026-02-09T16:30:27Z</time>
					</trkpt>
					<trkpt lat="43.385350" lon="-1.565170">
						<ele>100</ele>
						<time>2026-02-09T16:30:33Z</time>
					</trkpt>
					<trkpt lat="43.384620" lon="-1.565400">
						<ele>102</ele>
						<time>2026-02-09T16:30:46Z</time>
					</trkpt>
					<trkpt lat="43.383820" lon="-1.565570">
						<ele>101</ele>
						<time>2026-02-09T16:31:01Z</time>
					</trkpt>
					<trkpt lat="43.383660" lon="-1.565650">
						<ele>100</ele>
						<time>2026-02-09T16:31:04Z</time>
					</trkpt>
					<trkpt lat="43.383530" lon="-1.565820">
						<ele>100</ele>
						<time>2026-02-09T16:31:07Z</time>
					</trkpt>
					<trkpt lat="43.383320" lon="-1.566450">
						<ele>98</ele>
						<time>2026-02-09T16:31:16Z</time>
					</trkpt>
					<trkpt lat="43.383210" lon="-1.566660">
						<ele>97</ele>
						<time>2026-02-09T16:31:19Z</time>
					</trkpt>
					<trkpt lat="43.383020" lon="-1.566890">
						<ele>95</ele>
						<time>2026-02-09T16:31:24Z</time>
					</trkpt>
					<trkpt lat="43.382870" lon="-1.567030">
						<ele>94</ele>
						<time>2026-02-09T16:31:27Z</time>
					</trkpt>
					<trkpt lat="43.382720" lon="-1.567120">
						<ele>94</ele>
						<time>2026-02-09T16:31:30Z</time>
					</trkpt>
					<trkpt lat="43.382490" lon="-1.567170">
						<ele>93</ele>
						<time>2026-02-09T16:31:34Z</time>
					</trkpt>
					<trkpt lat="43.382070" lon="-1.567140">
						<ele>90</ele>
						<time>2026-02-09T16:31:41Z</time>
					</trkpt>
					<trkpt lat="43.382050" lon="-1.567410">
						<ele>90</ele>
						<time>2026-02-09T16:31:45Z</time>
					</trkpt>
					<trkpt lat="43.382090" lon="-1.567550">
						<ele>90</ele>
						<time>2026-02-09T16:31:47Z</time>
					</trkpt>
					<trkpt lat="43.382270" lon="-1.567850">
						<ele>91</ele>
						<time>2026-02-09T16:31:52Z</time>
					</trkpt>
					<trkpt lat="43.382500" lon="-1.568130">
						<ele>93</ele>
						<time>2026-02-09T16:31:57Z</time>
					</trkpt>
					<trkpt lat="43.382740" lon="-1.568300">
						<ele>92</ele>
						<time>2026-02-09T16:32:02Z</time>
					</trkpt>
					<trkpt lat="43.382860" lon="-1.568450">
						<ele>92</ele>
						<time>2026-02-09T16:32:05Z</time>
					</trkpt>
					<trkpt lat="43.383030" lon="-1.568740">
						<ele>92</ele>
						<time>2026-02-09T16:32:10Z</time>
					</trkpt>
					<trkpt lat="43.383140" lon="-1.569130">
						<ele>91</ele>
						<time>2026-02-09T16:32:15Z</time>
					</trkpt>
					<trkpt lat="43.383180" lon="-1.569590">
						<ele>92</ele>
						<time>2026-02-09T16:32:21Z</time>
					</trkpt>
					<trkpt lat="43.383160" lon="-1.569910">
						<ele>93</ele>
						<time>2026-02-09T16:32:25Z</time>
					</trkpt>
					<trkpt lat="43.383100" lon="-1.570220">
						<ele>93</ele>
						<time>2026-02-09T16:32:30Z</time>
					</trkpt>
					<trkpt lat="43.383000" lon="-1.570510">
						<ele>93</ele>
						<time>2026-02-09T16:32:34Z</time>
					</trkpt>
					<trkpt lat="43.382890" lon="-1.570730">
						<ele>92</ele>
						<time>2026-02-09T16:32:37Z</time>
					</trkpt>
					<trkpt lat="43.382670" lon="-1.571040">
						<ele>92</ele>
						<time>2026-02-09T16:32:43Z</time>
					</trkpt>
					<trkpt lat="43.382540" lon="-1.571310">
						<ele>92</ele>
						<time>2026-02-09T16:32:47Z</time>
					</trkpt>
					<trkpt lat="43.382370" lon="-1.571930">
						<ele>93</ele>
						<time>2026-02-09T16:32:56Z</time>
					</trkpt>
					<trkpt lat="43.382160" lon="-1.572980">
						<ele>94</ele>
						<time>2026-02-09T16:33:10Z</time>
					</trkpt>
					<trkpt lat="43.382160" lon="-1.573970">
						<ele>94</ele>
						<time>2026-02-09T16:33:22Z</time>
					</trkpt>
					<trkpt lat="43.382250" lon="-1.574270">
						<ele>94</ele>
						<time>2026-02-09T16:33:27Z</time>
					</trkpt>
					<trkpt lat="43.382370" lon="-1.574520">
						<ele>94</ele>
						<time>2026-02-09T16:33:30Z</time>
					</trkpt>
					<trkpt lat="43.382530" lon="-1.574730">
						<ele>93</ele>
						<time>2026-02-09T16:33:34Z</time>
					</trkpt>
					<trkpt lat="43.382800" lon="-1.574930">
						<ele>92</ele>
						<time>2026-02-09T16:33:40Z</time>
					</trkpt>
					<trkpt lat="43.383020" lon="-1.575250">
						<ele>92</ele>
						<time>2026-02-09T16:33:46Z</time>
					</trkpt>
					<trkpt lat="43.383130" lon="-1.575650">
						<ele>91</ele>
						<time>2026-02-09T16:33:51Z</time>
					</trkpt>
					<trkpt lat="43.383160" lon="-1.576020">
						<ele>91</ele>
						<time>2026-02-09T16:33:56Z</time>
					</trkpt>
					<trkpt lat="43.383020" lon="-1.577450">
						<ele>96</ele>
						<time>2026-02-09T16:34:15Z</time>
					</trkpt>
					<trkpt lat="43.382930" lon="-1.578080">
						<ele>100</ele>
						<time>2026-02-09T16:34:23Z</time>
					</trkpt>
					<trkpt lat="43.382590" lon="-1.579240">
						<ele>101</ele>
						<time>2026-02-09T16:34:39Z</time>
					</trkpt>
					<trkpt lat="43.382420" lon="-1.579600">
						<ele>98</ele>
						<time>2026-02-09T16:34:45Z</time>
					</trkpt>
					<trkpt lat="43.382250" lon="-1.579790">
						<ele>97</ele>
						<time>2026-02-09T16:34:48Z</time>
					</trkpt>
					<trkpt lat="43.382100" lon="-1.579890">
						<ele>97</ele>
						<time>2026-02-09T16:34:51Z</time>
					</trkpt>
					<trkpt lat="43.381900" lon="-1.579970">
						<ele>97</ele>
						<time>2026-02-09T16:34:55Z</time>
					</trkpt>
					<trkpt lat="43.380570" lon="-1.580170">
						<ele>94</ele>
						<time>2026-02-09T16:35:19Z</time>
					</trkpt>
					<trkpt lat="43.380430" lon="-1.580220">
						<ele>93</ele>
						<time>2026-02-09T16:35:22Z</time>
					</trkpt>
					<trkpt lat="43.380100" lon="-1.580390">
						<ele>90</ele>
						<time>2026-02-09T16:35:28Z</time>
					</trkpt>
					<trkpt lat="43.379870" lon="-1.580630">
						<ele>88</ele>
						<time>2026-02-09T16:35:33Z</time>
					</trkpt>
					<trkpt lat="43.379690" lon="-1.580930">
						<ele>86</ele>
						<time>2026-02-09T16:35:38Z</time>
					</trkpt>
					<trkpt lat="43.379610" lon="-1.581330">
						<ele>86</ele>
						<time>2026-02-09T16:35:43Z</time>
					</trkpt>
					<trkpt lat="43.379480" lon="-1.581760">
						<ele>85</ele>
						<time>2026-02-09T16:35:49Z</time>
					</trkpt>
					<trkpt lat="43.379350" lon="-1.582040">
						<ele>84</ele>
						<time>2026-02-09T16:35:54Z</time>
					</trkpt>
					<trkpt lat="43.379050" lon="-1.582510">
						<ele>83</ele>
						<time>2026-02-09T16:36:02Z</time>
					</trkpt>
					<trkpt lat="43.379000" lon="-1.582680">
						<ele>82</ele>
						<time>2026-02-09T16:36:04Z</time>
					</trkpt>
					<trkpt lat="43.378940" lon="-1.583170">
						<ele>80</ele>
						<time>2026-02-09T16:36:11Z</time>
					</trkpt>
					<trkpt lat="43.378970" lon="-1.583540">
						<ele>79</ele>
						<time>2026-02-09T16:36:15Z</time>
					</trkpt>
					<trkpt lat="43.378930" lon="-1.583890">
						<ele>77</ele>
						<time>2026-02-09T16:36:20Z</time>
					</trkpt>
					<trkpt lat="43.378860" lon="-1.584050">
						<ele>77</ele>
						<time>2026-02-09T16:36:22Z</time>
					</trkpt>
					<trkpt lat="43.378720" lon="-1.584260">
						<ele>78</ele>
						<time>2026-02-09T16:36:26Z</time>
					</trkpt>
					<trkpt lat="43.378610" lon="-1.584610">
						<ele>78</ele>
						<time>2026-02-09T16:36:31Z</time>
					</trkpt>
					<trkpt lat="43.378580" lon="-1.585070">
						<ele>78</ele>
						<time>2026-02-09T16:36:37Z</time>
					</trkpt>
					<trkpt lat="43.378660" lon="-1.585560">
						<ele>76</ele>
						<time>2026-02-09T16:36:43Z</time>
					</trkpt>
					<trkpt lat="43.378660" lon="-1.585780">
						<ele>75</ele>
						<time>2026-02-09T16:36:46Z</time>
					</trkpt>
					<trkpt lat="43.378360" lon="-1.586900">
						<ele>75</ele>
						<time>2026-02-09T16:37:02Z</time>
					</trkpt>
					<trkpt lat="43.378310" lon="-1.587200">
						<ele>75</ele>
						<time>2026-02-09T16:37:06Z</time>
					</trkpt>
					<trkpt lat="43.378310" lon="-1.587440">
						<ele>75</ele>
						<time>2026-02-09T16:37:09Z</time>
					</trkpt>
					<trkpt lat="43.378440" lon="-1.588500">
						<ele>78</ele>
						<time>2026-02-09T16:37:23Z</time>
					</trkpt>
					<trkpt lat="43.378430" lon="-1.588740">
						<ele>78</ele>
						<time>2026-02-09T16:37:26Z</time>
					</trkpt>
					<trkpt lat="43.378380" lon="-1.588980">
						<ele>79</ele>
						<time>2026-02-09T16:37:29Z</time>
					</trkpt>
					<trkpt lat="43.378180" lon="-1.589390">
						<ele>78</ele>
						<time>2026-02-09T16:37:35Z</time>
					</trkpt>
					<trkpt lat="43.378050" lon="-1.589590">
						<ele>77</ele>
						<time>2026-02-09T16:37:39Z</time>
					</trkpt>
					<trkpt lat="43.377820" lon="-1.589810">
						<ele>77</ele>
						<time>2026-02-09T16:37:44Z</time>
					</trkpt>
					<trkpt lat="43.377690" lon="-1.589860">
						<ele>76</ele>
						<time>2026-02-09T16:37:46Z</time>
					</trkpt>
					<trkpt lat="43.377400" lon="-1.589910">
						<ele>77</ele>
						<time>2026-02-09T16:37:51Z</time>
					</trkpt>
					<trkpt lat="43.377090" lon="-1.590050">
						<ele>77</ele>
						<time>2026-02-09T16:37:57Z</time>
					</trkpt>
					<trkpt lat="43.376760" lon="-1.590250">
						<ele>78</ele>
						<time>2026-02-09T16:38:04Z</time>
					</trkpt>
					<trkpt lat="43.376530" lon="-1.590550">
						<ele>81</ele>
						<time>2026-02-09T16:38:09Z</time>
					</trkpt>
					<trkpt lat="43.376420" lon="-1.590650">
						<ele>82</ele>
						<time>2026-02-09T16:38:12Z</time>
					</trkpt>
					<trkpt lat="43.376260" lon="-1.590720">
						<ele>83</ele>
						<time>2026-02-09T16:38:15Z</time>
					</trkpt>
					<trkpt lat="43.376010" lon="-1.590910">
						<ele>84</ele>
						<time>2026-02-09T16:38:20Z</time>
					</trkpt>
					<trkpt lat="43.375470" lon="-1.590980">
						<ele>87</ele>
						<time>2026-02-09T16:38:29Z</time>
					</trkpt>
					<trkpt lat="43.375220" lon="-1.591090">
						<ele>88</ele>
						<time>2026-02-09T16:38:34Z</time>
					</trkpt>
					<trkpt lat="43.375080" lon="-1.591190">
						<ele>89</ele>
						<time>2026-02-09T16:38:37Z</time>
					</trkpt>
					<trkpt lat="43.374980" lon="-1.591300">
						<ele>89</ele>
						<time>2026-02-09T16:38:39Z</time>
					</trkpt>
					<trkpt lat="43.374880" lon="-1.591440">
						<ele>87</ele>
						<time>2026-02-09T16:38:42Z</time>
					</trkpt>
					<trkpt lat="43.374730" lon="-1.591770">
						<ele>85</ele>
						<time>2026-02-09T16:38:47Z</time>
					</trkpt>
					<trkpt lat="43.374690" lon="-1.591800">
						<ele>84</ele>
						<time>2026-02-09T16:38:48Z</time>
					</trkpt>
					<trkpt lat="43.374590" lon="-1.591560">
						<ele>84</ele>
						<time>2026-02-09T16:38:51Z</time>
					</trkpt>
					<trkpt lat="43.374070" lon="-1.590780">
						<ele>84</ele>
						<time>2026-02-09T16:39:05Z</time>
					</trkpt>
					<trkpt lat="43.373840" lon="-1.590380">
						<ele>80</ele>
						<time>2026-02-09T16:39:11Z</time>
					</trkpt>
					<trkpt lat="43.373590" lon="-1.589570">
						<ele>76</ele>
						<time>2026-02-09T16:39:23Z</time>
					</trkpt>
					<trkpt lat="43.373400" lon="-1.589180">
						<ele>72</ele>
						<time>2026-02-09T16:39:29Z</time>
					</trkpt>
					<trkpt lat="43.373080" lon="-1.588890">
						<ele>68</ele>
						<time>2026-02-09T16:39:36Z</time>
					</trkpt>
					<trkpt lat="43.372510" lon="-1.588660">
						<ele>62</ele>
						<time>2026-02-09T16:39:46Z</time>
					</trkpt>
					<trkpt lat="43.371790" lon="-1.588200">
						<ele>59</ele>
						<time>2026-02-09T16:40:00Z</time>
					</trkpt>
					<trkpt lat="43.371680" lon="-1.588100">
						<ele>58</ele>
						<time>2026-02-09T16:40:03Z</time>
					</trkpt>
					<trkpt lat="43.371580" lon="-1.587960">
						<ele>58</ele>
						<time>2026-02-09T16:40:05Z</time>
					</trkpt>
					<trkpt lat="43.371500" lon="-1.587760">
						<ele>57</ele>
						<time>2026-02-09T16:40:08Z</time>
					</trkpt>
					<trkpt lat="43.371420" lon="-1.587460">
						<ele>57</ele>
						<time>2026-02-09T16:40:12Z</time>
					</trkpt>
					<trkpt lat="43.371390" lon="-1.587200">
						<ele>57</ele>
						<time>2026-02-09T16:40:16Z</time>
					</trkpt>
					<trkpt lat="43.371400" lon="-1.586730">
						<ele>56</ele>
						<time>2026-02-09T16:40:22Z</time>
					</trkpt>
					<trkpt lat="43.371380" lon="-1.586290">
						<ele>54</ele>
						<time>2026-02-09T16:40:28Z</time>
					</trkpt>
					<trkpt lat="43.371350" lon="-1.586140">
						<ele>54</ele>
						<time>2026-02-09T16:40:30Z</time>
					</trkpt>
					<trkpt lat="43.371300" lon="-1.586030">
						<ele>54</ele>
						<time>2026-02-09T16:40:31Z</time>
					</trkpt>
					<trkpt lat="43.371200" lon="-1.585910">
						<ele>53</ele>
						<time>2026-02-09T16:40:34Z</time>
					</trkpt>
					<trkpt lat="43.370710" lon="-1.585520">
						<ele>50</ele>
						<time>2026-02-09T16:40:44Z</time>
					</trkpt>
					<trkpt lat="43.369660" lon="-1.584830">
						<ele>44</ele>
						<time>2026-02-09T16:41:04Z</time>
					</trkpt>
					<trkpt lat="43.369330" lon="-1.584650">
						<ele>42</ele>
						<time>2026-02-09T16:41:11Z</time>
					</trkpt>
					<trkpt lat="43.368490" lon="-1.584300">
						<ele>47</ele>
						<time>2026-02-09T16:41:26Z</time>
					</trkpt>
					<trkpt lat="43.367770" lon="-1.584380">
						<ele>52</ele>
						<time>2026-02-09T16:41:39Z</time>
					</trkpt>
					<trkpt lat="43.367640" lon="-1.584380">
						<ele>53</ele>
						<time>2026-02-09T16:41:41Z</time>
					</trkpt>
					<trkpt lat="43.367460" lon="-1.584340">
						<ele>53</ele>
						<time>2026-02-09T16:41:45Z</time>
					</trkpt>
					<trkpt lat="43.367240" lon="-1.584210">
						<ele>53</ele>
						<time>2026-02-09T16:41:49Z</time>
					</trkpt>
					<trkpt lat="43.367140" lon="-1.584090">
						<ele>52</ele>
						<time>2026-02-09T16:41:51Z</time>
					</trkpt>
					<trkpt lat="43.366900" lon="-1.583560">
						<ele>43</ele>
						<time>2026-02-09T16:41:59Z</time>
					</trkpt>
					<trkpt lat="43.366720" lon="-1.583370">
						<ele>40</ele>
						<time>2026-02-09T16:42:03Z</time>
					</trkpt>
					<trkpt lat="43.366470" lon="-1.583170">
						<ele>37</ele>
						<time>2026-02-09T16:42:09Z</time>
					</trkpt>
					<trkpt lat="43.366290" lon="-1.583110">
						<ele>35</ele>
						<time>2026-02-09T16:42:12Z</time>
					</trkpt>
					<trkpt lat="43.365990" lon="-1.583080">
						<ele>34</ele>
						<time>2026-02-09T16:42:17Z</time>
					</trkpt>
					<trkpt lat="43.364970" lon="-1.583080">
						<ele>26</ele>
						<time>2026-02-09T16:42:35Z</time>
					</trkpt>
					<trkpt lat="43.363140" lon="-1.583400">
						<ele>16</ele>
						<time>2026-02-09T16:43:08Z</time>
					</trkpt>
					<trkpt lat="43.361950" lon="-1.583640">
						<ele>13</ele>
						<time>2026-02-09T16:43:30Z</time>
					</trkpt>
					<trkpt lat="43.361790" lon="-1.583640">
						<ele>13</ele>
						<time>2026-02-09T16:43:32Z</time>
					</trkpt>
					<trkpt lat="43.361600" lon="-1.583510">
						<ele>13</ele>
						<time>2026-02-09T16:43:36Z</time>
					</trkpt>
					<trkpt lat="43.361500" lon="-1.583550">
						<ele>12</ele>
						<time>2026-02-09T16:43:38Z</time>
					</trkpt>
					<trkpt lat="43.361400" lon="-1.583630">
						<ele>12</ele>
						<time>2026-02-09T16:43:40Z</time>
					</trkpt>
					<trkpt lat="43.361640" lon="-1.584290">
						<ele>12</ele>
						<time>2026-02-09T16:43:50Z</time>
					</trkpt>
					<trkpt lat="43.362580" lon="-1.587230">
						<ele>14</ele>
						<time>2026-02-09T16:44:31Z</time>
					</trkpt>
					<trkpt lat="43.362800" lon="-1.587660">
						<ele>18</ele>
						<time>2026-02-09T16:44:38Z</time>
					</trkpt>
					<trkpt lat="43.363090" lon="-1.588000">
						<ele>19</ele>
						<time>2026-02-09T16:44:45Z</time>
					</trkpt>
					<trkpt lat="43.364030" lon="-1.588850">
						<ele>17</ele>
						<time>2026-02-09T16:45:05Z</time>
					</trkpt>
					<trkpt lat="43.364270" lon="-1.589130">
						<ele>13</ele>
						<time>2026-02-09T16:45:10Z</time>
					</trkpt>
					<trkpt lat="43.364440" lon="-1.589400">
						<ele>12</ele>
						<time>2026-02-09T16:45:15Z</time>
					</trkpt>
					<trkpt lat="43.364610" lon="-1.589750">
						<ele>11</ele>
						<time>2026-02-09T16:45:20Z</time>
					</trkpt>
					<trkpt lat="43.365820" lon="-1.593750">
						<ele>9</ele>
						<time>2026-02-09T16:46:17Z</time>
					</trkpt>
					<trkpt lat="43.365900" lon="-1.594290">
						<ele>9</ele>
						<time>2026-02-09T16:46:24Z</time>
					</trkpt>
					<trkpt lat="43.365920" lon="-1.594810">
						<ele>9</ele>
						<time>2026-02-09T16:46:30Z</time>
					</trkpt>
					<trkpt lat="43.365890" lon="-1.595460">
						<ele>11</ele>
						<time>2026-02-09T16:46:39Z</time>
					</trkpt>
					<trkpt lat="43.365680" lon="-1.598090">
						<ele>19</ele>
						<time>2026-02-09T16:47:13Z</time>
					</trkpt>
					<trkpt lat="43.365620" lon="-1.598420">
						<ele>18</ele>
						<time>2026-02-09T16:47:17Z</time>
					</trkpt>
					<trkpt lat="43.365500" lon="-1.598720">
						<ele>17</ele>
						<time>2026-02-09T16:47:22Z</time>
					</trkpt>
					<trkpt lat="43.365330" lon="-1.598960">
						<ele>16</ele>
						<time>2026-02-09T16:47:26Z</time>
					</trkpt>
					<trkpt lat="43.364470" lon="-1.599640">
						<ele>14</ele>
						<time>2026-02-09T16:47:44Z</time>
					</trkpt>
					<trkpt lat="43.364190" lon="-1.599950">
						<ele>13</ele>
						<time>2026-02-09T16:47:50Z</time>
					</trkpt>
					<trkpt lat="43.364050" lon="-1.600150">
						<ele>14</ele>
						<time>2026-02-09T16:47:54Z</time>
					</trkpt>
					<trkpt lat="43.363720" lon="-1.600730">
						<ele>15</ele>
						<time>2026-02-09T16:48:03Z</time>
					</trkpt>
					<trkpt lat="43.363370" lon="-1.601650">
						<ele>17</ele>
						<time>2026-02-09T16:48:17Z</time>
					</trkpt>
					<trkpt lat="43.363170" lon="-1.602000">
						<ele>20</ele>
						<time>2026-02-09T16:48:23Z</time>
					</trkpt>
					<trkpt lat="43.362990" lon="-1.602250">
						<ele>21</ele>
						<time>2026-02-09T16:48:27Z</time>
					</trkpt>
					<trkpt lat="43.361730" lon="-1.603370">
						<ele>13</ele>
						<time>2026-02-09T16:48:54Z</time>
					</trkpt>
					<trkpt lat="43.361530" lon="-1.603620">
						<ele>14</ele>
						<time>2026-02-09T16:48:59Z</time>
					</trkpt>
					<trkpt lat="43.361260" lon="-1.604090">
						<ele>15</ele>
						<time>2026-02-09T16:49:06Z</time>
					</trkpt>
					<trkpt lat="43.361090" lon="-1.604620">
						<ele>16</ele>
						<time>2026-02-09T16:49:14Z</time>
					</trkpt>
					<trkpt lat="43.361020" lon="-1.605180">
						<ele>17</ele>
						<time>2026-02-09T16:49:21Z</time>
					</trkpt>
					<trkpt lat="43.361040" lon="-1.605850">
						<ele>18</ele>
						<time>2026-02-09T16:49:30Z</time>
					</trkpt>
					<trkpt lat="43.361170" lon="-1.606980">
						<ele>18</ele>
						<time>2026-02-09T16:49:45Z</time>
					</trkpt>
					<trkpt lat="43.361190" lon="-1.607490">
						<ele>18</ele>
						<time>2026-02-09T16:49:51Z</time>
					</trkpt>
					<trkpt lat="43.361060" lon="-1.610180">
						<ele>17</ele>
						<time>2026-02-09T16:50:26Z</time>
					</trkpt>
					<trkpt lat="43.361010" lon="-1.610770">
						<ele>15</ele>
						<time>2026-02-09T16:50:34Z</time>
					</trkpt>
					<trkpt lat="43.360970" lon="-1.611100">
						<ele>14</ele>
						<time>2026-02-09T16:50:38Z</time>
					</trkpt>
					<trkpt lat="43.360830" lon="-1.611660">
						<ele>12</ele>
						<time>2026-02-09T16:50:46Z</time>
					</trkpt>
					<trkpt lat="43.360670" lon="-1.612090">
						<ele>11</ele>
						<time>2026-02-09T16:50:52Z</time>
					</trkpt>
					<trkpt lat="43.360520" lon="-1.612380">
						<ele>11</ele>
						<time>2026-02-09T16:50:57Z</time>
					</trkpt>
					<trkpt lat="43.360340" lon="-1.612670">
						<ele>11</ele>
						<time>2026-02-09T16:51:02Z</time>
					</trkpt>
					<trkpt lat="43.359340" lon="-1.613960">
						<ele>16</ele>
						<time>2026-02-09T16:51:26Z</time>
					</trkpt>
					<trkpt lat="43.359140" lon="-1.614180">
						<ele>16</ele>
						<time>2026-02-09T16:51:31Z</time>
					</trkpt>
					<trkpt lat="43.358150" lon="-1.615030">
						<ele>12</ele>
						<time>2026-02-09T16:51:51Z</time>
					</trkpt>
					<trkpt lat="43.357880" lon="-1.615340">
						<ele>14</ele>
						<time>2026-02-09T16:51:58Z</time>
					</trkpt>
					<trkpt lat="43.355160" lon="-1.619620">
						<ele>18</ele>
						<time>2026-02-09T16:53:11Z</time>
					</trkpt>
					<trkpt lat="43.354860" lon="-1.620000">
						<ele>18</ele>
						<time>2026-02-09T16:53:18Z</time>
					</trkpt>
					<trkpt lat="43.354200" lon="-1.620530">
						<ele>21</ele>
						<time>2026-02-09T16:53:32Z</time>
					</trkpt>
					<trkpt lat="43.352400" lon="-1.621260">
						<ele>14</ele>
						<time>2026-02-09T16:54:05Z</time>
					</trkpt>
					<trkpt lat="43.352150" lon="-1.621430">
						<ele>13</ele>
						<time>2026-02-09T16:54:10Z</time>
					</trkpt>
					<trkpt lat="43.351920" lon="-1.621680">
						<ele>11</ele>
						<time>2026-02-09T16:54:16Z</time>
					</trkpt>
					<trkpt lat="43.351180" lon="-1.623070">
						<ele>11</ele>
						<time>2026-02-09T16:54:38Z</time>
					</trkpt>
					<trkpt lat="43.351090" lon="-1.623340">
						<ele>10</ele>
						<time>2026-02-09T16:54:42Z</time>
					</trkpt>
					<trkpt lat="43.351040" lon="-1.624010">
						<ele>11</ele>
						<time>2026-02-09T16:54:50Z</time>
					</trkpt>
					<trkpt lat="43.351030" lon="-1.624600">
						<ele>10</ele>
						<time>2026-02-09T16:54:58Z</time>
					</trkpt>
					<trkpt lat="43.351230" lon="-1.625440">
						<ele>12</ele>
						<time>2026-02-09T16:55:09Z</time>
					</trkpt>
					<trkpt lat="43.352080" lon="-1.627580">
						<ele>8</ele>
						<time>2026-02-09T16:55:41Z</time>
					</trkpt>
					<trkpt lat="43.352560" lon="-1.629000">
						<ele>6</ele>
						<time>2026-02-09T16:56:01Z</time>
					</trkpt>
					<trkpt lat="43.352900" lon="-1.629740">
						<ele>6</ele>
						<time>2026-02-09T16:56:13Z</time>
					</trkpt>
					<trkpt lat="43.353060" lon="-1.629980">
						<ele>6</ele>
						<time>2026-02-09T16:56:17Z</time>
					</trkpt>
					<trkpt lat="43.353500" lon="-1.630440">
						<ele>7</ele>
						<time>2026-02-09T16:56:27Z</time>
					</trkpt>
					<trkpt lat="43.353870" lon="-1.630720">
						<ele>7</ele>
						<time>2026-02-09T16:56:34Z</time>
					</trkpt>
					<trkpt lat="43.354030" lon="-1.630810">
						<ele>7</ele>
						<time>2026-02-09T16:56:37Z</time>
					</trkpt>
					<trkpt lat="43.354400" lon="-1.630960">
						<ele>6</ele>
						<time>2026-02-09T16:56:44Z</time>
					</trkpt>
					<trkpt lat="43.356150" lon="-1.631470">
						<ele>5</ele>
						<time>2026-02-09T16:57:16Z</time>
					</trkpt>
					<trkpt lat="43.356400" lon="-1.631440">
						<ele>6</ele>
						<time>2026-02-09T16:57:20Z</time>
					</trkpt>
					<trkpt lat="43.356520" lon="-1.631320">
						<ele>7</ele>
						<time>2026-02-09T16:57:23Z</time>
					</trkpt>
					<trkpt lat="43.356580" lon="-1.631290">
						<ele>7</ele>
						<time>2026-02-09T16:57:24Z</time>
					</trkpt>
					<trkpt lat="43.356650" lon="-1.631300">
						<ele>7</ele>
						<time>2026-02-09T16:57:25Z</time>
					</trkpt>
					<trkpt lat="43.356710" lon="-1.631370">
						<ele>7</ele>
						<time>2026-02-09T16:57:27Z</time>
					</trkpt>
					<trkpt lat="43.356760" lon="-1.631540">
						<ele>7</ele>
						<time>2026-02-09T16:57:29Z</time>
					</trkpt>
					<trkpt lat="43.357000" lon="-1.631730">
						<ele>6</ele>
						<time>2026-02-09T16:57:34Z</time>
					</trkpt>
					<trkpt lat="43.357290" lon="-1.631820">
						<ele>7</ele>
						<time>2026-02-09T16:57:39Z</time>
					</trkpt>
					<trkpt lat="43.357500" lon="-1.631920">
						<ele>7</ele>
						<time>2026-02-09T16:57:43Z</time>
					</trkpt>
					<trkpt lat="43.357900" lon="-1.632180">
						<ele>9</ele>
						<time>2026-02-09T16:57:51Z</time>
					</trkpt>
					<trkpt lat="43.358600" lon="-1.632800">
						<ele>9</ele>
						<time>2026-02-09T16:58:06Z</time>
					</trkpt>
					<trkpt lat="43.359020" lon="-1.633210">
						<ele>9</ele>
						<time>2026-02-09T16:58:15Z</time>
					</trkpt>
					<trkpt lat="43.359350" lon="-1.633580">
						<ele>9</ele>
						<time>2026-02-09T16:58:23Z</time>
					</trkpt>
					<trkpt lat="43.359960" lon="-1.634520">
						<ele>8</ele>
						<time>2026-02-09T16:58:39Z</time>
					</trkpt>
					<trkpt lat="43.360150" lon="-1.635000">
						<ele>6</ele>
						<time>2026-02-09T16:58:46Z</time>
					</trkpt>
					<trkpt lat="43.360390" lon="-1.635480">
						<ele>6</ele>
						<time>2026-02-09T16:58:54Z</time>
					</trkpt>
					<trkpt lat="43.360620" lon="-1.635760">
						<ele>5</ele>
						<time>2026-02-09T16:58:59Z</time>
					</trkpt>
					<trkpt lat="43.360760" lon="-1.635890">
						<ele>5</ele>
						<time>2026-02-09T16:59:02Z</time>
					</trkpt>
					<trkpt lat="43.360970" lon="-1.636020">
						<ele>5</ele>
						<time>2026-02-09T16:59:06Z</time>
					</trkpt>
					<trkpt lat="43.362540" lon="-1.636640">
						<ele>6</ele>
						<time>2026-02-09T16:59:35Z</time>
					</trkpt>
					<trkpt lat="43.362880" lon="-1.636700">
						<ele>6</ele>
						<time>2026-02-09T16:59:41Z</time>
					</trkpt>
					<trkpt lat="43.363230" lon="-1.636700">
						<ele>7</ele>
						<time>2026-02-09T16:59:48Z</time>
					</trkpt>
					<trkpt lat="43.363650" lon="-1.636630">
						<ele>7</ele>
						<time>2026-02-09T16:59:55Z</time>
					</trkpt>
					<trkpt lat="43.366260" lon="-1.635790">
						<ele>7</ele>
						<time>2026-02-09T17:00:43Z</time>
					</trkpt>
					<trkpt lat="43.366750" lon="-1.635760">
						<ele>8</ele>
						<time>2026-02-09T17:00:52Z</time>
					</trkpt>
					<trkpt lat="43.367100" lon="-1.635810">
						<ele>8</ele>
						<time>2026-02-09T17:00:58Z</time>
					</trkpt>
					<trkpt lat="43.367540" lon="-1.635960">
						<ele>7</ele>
						<time>2026-02-09T17:01:06Z</time>
					</trkpt>
					<trkpt lat="43.370630" lon="-1.637920">
						<ele>6</ele>
						<time>2026-02-09T17:02:06Z</time>
					</trkpt>
					<trkpt lat="43.370850" lon="-1.638000">
						<ele>6</ele>
						<time>2026-02-09T17:02:11Z</time>
					</trkpt>
					<trkpt lat="43.371110" lon="-1.638050">
						<ele>5</ele>
						<time>2026-02-09T17:02:15Z</time>
					</trkpt>
					<trkpt lat="43.374090" lon="-1.637880">
						<ele>4</ele>
						<time>2026-02-09T17:03:08Z</time>
					</trkpt>
					<trkpt lat="43.374450" lon="-1.637780">
						<ele>4</ele>
						<time>2026-02-09T17:03:15Z</time>
					</trkpt>
					<trkpt lat="43.375100" lon="-1.637780">
						<ele>4</ele>
						<time>2026-02-09T17:03:26Z</time>
					</trkpt>
					<trkpt lat="43.375260" lon="-1.637810">
						<ele>5</ele>
						<time>2026-02-09T17:03:29Z</time>
					</trkpt>
					<trkpt lat="43.375410" lon="-1.637730">
						<ele>5</ele>
						<time>2026-02-09T17:03:32Z</time>
					</trkpt>
					<trkpt lat="43.376070" lon="-1.637700">
						<ele>6</ele>
						<time>2026-02-09T17:03:44Z</time>
					</trkpt>
					<trkpt lat="43.376430" lon="-1.637750">
						<ele>6</ele>
						<time>2026-02-09T17:03:50Z</time>
					</trkpt>
					<trkpt lat="43.377210" lon="-1.637720">
						<ele>8</ele>
						<time>2026-02-09T17:04:04Z</time>
					</trkpt>
					<trkpt lat="43.377490" lon="-1.637720">
						<ele>8</ele>
						<time>2026-02-09T17:04:09Z</time>
					</trkpt>
					<trkpt lat="43.377580" lon="-1.637740">
						<ele>8</ele>
						<time>2026-02-09T17:04:11Z</time>
					</trkpt>
					<trkpt lat="43.377770" lon="-1.637850">
						<ele>8</ele>
						<time>2026-02-09T17:04:14Z</time>
					</trkpt>
					<trkpt lat="43.379060" lon="-1.639160">
						<ele>7</ele>
						<time>2026-02-09T17:04:43Z</time>
					</trkpt>
					<trkpt lat="43.380500" lon="-1.640480">
						<ele>9</ele>
						<time>2026-02-09T17:05:14Z</time>
					</trkpt>
					<trkpt lat="43.380590" lon="-1.640600">
						<ele>9</ele>
						<time>2026-02-09T17:05:16Z</time>
					</trkpt>
					<trkpt lat="43.381240" lon="-1.641980">
						<ele>6</ele>
						<time>2026-02-09T17:05:37Z</time>
					</trkpt>
					<trkpt lat="43.381550" lon="-1.642300">
						<ele>6</ele>
						<time>2026-02-09T17:05:44Z</time>
					</trkpt>
					<trkpt lat="43.382130" lon="-1.642830">
						<ele>5</ele>
						<time>2026-02-09T17:05:57Z</time>
					</trkpt>
					<trkpt lat="43.382230" lon="-1.642950">
						<ele>5</ele>
						<time>2026-02-09T17:05:59Z</time>
					</trkpt>
					<trkpt lat="43.382450" lon="-1.643270">
						<ele>5</ele>
						<time>2026-02-09T17:06:05Z</time>
					</trkpt>
					<trkpt lat="43.382610" lon="-1.643690">
						<ele>6</ele>
						<time>2026-02-09T17:06:11Z</time>
					</trkpt>
					<trkpt lat="43.382740" lon="-1.644390">
						<ele>9</ele>
						<time>2026-02-09T17:06:20Z</time>
					</trkpt>
					<trkpt lat="43.382790" lon="-1.645010">
						<ele>10</ele>
						<time>2026-02-09T17:06:28Z</time>
					</trkpt>
					<trkpt lat="43.382810" lon="-1.645950">
						<ele>8</ele>
						<time>2026-02-09T17:06:40Z</time>
					</trkpt>
					<trkpt lat="43.382780" lon="-1.646550">
						<ele>7</ele>
						<time>2026-02-09T17:06:48Z</time>
					</trkpt>
					<trkpt lat="43.382550" lon="-1.648800">
						<ele>9</ele>
						<time>2026-02-09T17:07:17Z</time>
					</trkpt>
					<trkpt lat="43.382530" lon="-1.649130">
						<ele>8</ele>
						<time>2026-02-09T17:07:22Z</time>
					</trkpt>
					<trkpt lat="43.382550" lon="-1.649440">
						<ele>8</ele>
						<time>2026-02-09T17:07:26Z</time>
					</trkpt>
					<trkpt lat="43.382610" lon="-1.649710">
						<ele>8</ele>
						<time>2026-02-09T17:07:29Z</time>
					</trkpt>
					<trkpt lat="43.382760" lon="-1.650160">
						<ele>9</ele>
						<time>2026-02-09T17:07:36Z</time>
					</trkpt>
					<trkpt lat="43.383430" lon="-1.652000">
						<ele>12</ele>
						<time>2026-02-09T17:08:02Z</time>
					</trkpt>
					<trkpt lat="43.383560" lon="-1.652260">
						<ele>13</ele>
						<time>2026-02-09T17:08:07Z</time>
					</trkpt>
					<trkpt lat="43.383800" lon="-1.652530">
						<ele>14</ele>
						<time>2026-02-09T17:08:12Z</time>
					</trkpt>
					<trkpt lat="43.384120" lon="-1.652820">
						<ele>13</ele>
						<time>2026-02-09T17:08:19Z</time>
					</trkpt>
					<trkpt lat="43.384120" lon="-1.653030">
						<ele>10</ele>
						<time>2026-02-09T17:08:22Z</time>
					</trkpt>
					<trkpt lat="43.384080" lon="-1.653180">
						<ele>8</ele>
						<time>2026-02-09T17:08:24Z</time>
					</trkpt>
					<trkpt lat="43.383440" lon="-1.654460">
						<ele>5</ele>
						<time>2026-02-09T17:08:44Z</time>
					</trkpt>
					<trkpt lat="43.383410" lon="-1.654610">
						<ele>4</ele>
						<time>2026-02-09T17:08:46Z</time>
					</trkpt>
					<trkpt lat="43.383640" lon="-1.654940">
						<ele>4</ele>
						<time>2026-02-09T17:08:52Z</time>
					</trkpt>
					<trkpt lat="43.383630" lon="-1.655050">
						<ele>4</ele>
						<time>2026-02-09T17:08:53Z</time>
					</trkpt>
					<trkpt lat="43.383600" lon="-1.655090">
						<ele>4</ele>
						<time>2026-02-09T17:08:54Z</time>
					</trkpt>
					<trkpt lat="43.383570" lon="-1.655090">
						<ele>4</ele>
						<time>2026-02-09T17:08:54Z</time>
					</trkpt>
					<trkpt lat="43.383300" lon="-1.655510">
						<ele>3</ele>
						<time>2026-02-09T17:09:02Z</time>
					</trkpt>
					<trkpt lat="43.382360" lon="-1.656790">
						<ele>4</ele>
						<time>2026-02-09T17:09:25Z</time>
					</trkpt>
					<trkpt lat="43.382330" lon="-1.656950">
						<ele>4</ele>
						<time>2026-02-09T17:09:27Z</time>
					</trkpt>
					<trkpt lat="43.382340" lon="-1.657020">
						<ele>4</ele>
						<time>2026-02-09T17:09:28Z</time>
					</trkpt>
					<trkpt lat="43.382980" lon="-1.658770">
						<ele>4</ele>
						<time>2026-02-09T17:09:54Z</time>
					</trkpt>
					<trkpt lat="43.383090" lon="-1.659020">
						<ele>5</ele>
						<time>2026-02-09T17:09:57Z</time>
					</trkpt>
					<trkpt lat="43.383240" lon="-1.659230">
						<ele>6</ele>
						<time>2026-02-09T17:10:01Z</time>
					</trkpt>
					<trkpt lat="43.383300" lon="-1.659270">
						<ele>6</ele>
						<time>2026-02-09T17:10:02Z</time>
					</trkpt>
					<trkpt lat="43.383380" lon="-1.659220">
						<ele>6</ele>
						<time>2026-02-09T17:10:04Z</time>
					</trkpt>
					<trkpt lat="43.383430" lon="-1.659260">
						<ele>6</ele>
						<time>2026-02-09T17:10:05Z</time>
					</trkpt>
					<trkpt lat="43.383450" lon="-1.659330">
						<ele>6</ele>
						<time>2026-02-09T17:10:06Z</time>
					</trkpt>
					<trkpt lat="43.383400" lon="-1.659430">
						<ele>6</ele>
						<time>2026-02-09T17:10:07Z</time>
					</trkpt>
					<trkpt lat="43.383480" lon="-1.659610">
						<ele>6</ele>
						<time>2026-02-09T17:10:10Z</time>
					</trkpt>
					<trkpt lat="43.384460" lon="-1.660950">
						<ele>5</ele>
						<time>2026-02-09T17:10:35Z</time>
					</trkpt>
					<trkpt lat="43.384790" lon="-1.661550">
						<ele>5</ele>
						<time>2026-02-09T17:10:44Z</time>
					</trkpt>
					<trkpt lat="43.384840" lon="-1.661510">
						<ele>5</ele>
						<time>2026-02-09T17:10:46Z</time>
					</trkpt>
					<trkpt lat="43.384890" lon="-1.661520">
						<ele>5</ele>
						<time>2026-02-09T17:10:46Z</time>
					</trkpt>
					<trkpt lat="43.384920" lon="-1.661560">
						<ele>5</ele>
						<time>2026-02-09T17:10:47Z</time>
					</trkpt>
					<trkpt lat="43.384940" lon="-1.661630">
						<ele>5</ele>
						<time>2026-02-09T17:10:48Z</time>
					</trkpt>
					<trkpt lat="43.384880" lon="-1.661730">
						<ele>5</ele>
						<time>2026-02-09T17:10:50Z</time>
					</trkpt>
					<trkpt lat="43.384960" lon="-1.661990">
						<ele>5</ele>
						<time>2026-02-09T17:10:53Z</time>
					</trkpt>
					<trkpt lat="43.385030" lon="-1.662080">
						<ele>4</ele>
						<time>2026-02-09T17:10:55Z</time>
					</trkpt>
					<trkpt lat="43.385940" lon="-1.662880">
						<ele>1</ele>
						<time>2026-02-09T17:11:14Z</time>
					</trkpt>
					<trkpt lat="43.386140" lon="-1.662960">
						<ele>1</ele>
						<time>2026-02-09T17:11:18Z</time>
					</trkpt>
					<trkpt lat="43.386140" lon="-1.662920">
						<ele>1</ele>
						<time>2026-02-09T17:11:19Z</time>
					</trkpt>
					</trkseg>
				</trk>
			</gpx>